Município;Código;Gentílico;Prefeito_2017;Area_Territorial_KM2_2019;Populacao_Estimada_Pessoas_2020;Densidade_Demográfica_Hab_KM2_2010;Escolarização_6_a_14_anos_%_2010;IDHM_2010;Mortalidade_infantil_óbitos_por_mil_nascidos_vivos_2017;DespesasEmpenhadas_REAIS_X_1000_2017;PIB_per_capita_REAIS_2017
Adamantina;3500105;adamantinense;MÁRCIO CARDIM;411.987;35111;82.15;97.6;0.79;11.63;13.708.366.993;30010.56
Adolfo;3500204;adolfino;IZAEL ANTONIO FERNANDES;211.055;3554;16.85;98.6;0.73;19.23;2.010.387.713;27634.98
Aguaí;3500303;aguaiano;JOSÉ ALEXANDRE PEREIRA DE ARAÚJO;474.554;36648;67.72;95.8;0.715;16.06;7.216.873.408;26549.19
Águas da Prata;3500402;pratense;CARLOS HENRIQUE FORTES DEZENA;142.673;8221;53.05;98.8;0.781;25.32;2.436.340.149;18974.98
Águas de Lindóia;3500501;lindoiense;GILBERTO ABDOU HELOU;60.126;18808;287.16;96.2;0.745;8.37;7.520.147.793;25554.26
Águas de Santa Bárbara;3500550;santa-barbarense;AROLDO JOSÉ CAETANO;404.463;6109;13.83;98.2;0.757;23.26;2.847.194.804;24673.66
Águas de São Pedro;3500600;água-pedrense;PAULO SERGIO BARBOZA DE LIMA;3.612;3521;488.89;98.4;0.854;38.46;2.270.999.284;38294.25
Agudos;3500709;agudense;ALTAIR FRANCISCO SILVA;966.708;37401;35.73;97.9;0.745;12.13;14.341.768.289;55938.77
Alambari;3500758;alambariense;HUDSON JOSE GOMES;159.6;6129;30.66;99.3;0.712;25;2.183.901.214;17477.7
Alfredo Marcondes;3500808;marcondense;EDMILSON JOSE CORREIA;118.915;4184;32.86;98.6;0.741;20.83;1.511.197.897;20072.53
Altair;3500907;altairense;ANTONIO PADRON NETO;313.007;4186;12.16;96;0.687;20.41;1.941.076.045;51127.03
Altinópolis;3501004;altinopolense;JOSÉ ROBERTO FERRACIN MARQUES;928.956;16203;16.8;99.3;0.73;16.39;5.543.605.472;32489.01
Alto Alegre;3501103;alto-alegrense;HELENA BERTO TOMAZINI SORROCHE;318.574;4088;12.86;95.1;0.7;33.33;1.823.622.271;26590.67
Alumínio;3501152;aluminense;ANTONIO PIASSENTINI;83.66;18767;201.28;98.8;0.766;20.33;7.257.258.372;101155.71
Álvares Florence;3501202;alvares florencense;CALIMÉRIO LUIZ CORREA SALES;362.411;3647;10.74;99.3;0.728;26.32;1.824.110.731;27907.99
Álvares Machado;3501301;machadense;JOSÉ CARLOS CABRERA PARRA;347.647;24998;67.69;98.3;0.758;18.13;602.969.844;20531.41
Álvaro de Carvalho;3501400;carvalhense;CÍCERO MARTINS DOS SANTOS;153.662;5274;30.36;99.2;0.688;17.54;1.644.113.972;9666.54
Alvinlândia;3501509;alvinlandense;ABIGAIL CATELI DIAS;84.879;3237;35.38;99.3;0.722;21.74;1.294.054.398;19966.95
Americana;3501608;americanense;OMAR NAJAR;133.912;242018;1572.75;98;0.811;7.47;7.097.438.111;44396.3
Américo Brasiliense;3501707;américo-brasiliense;DIRCEU BRAS PANO;122.785;41032;280.91;98.6;0.751;16;10.079.916.438;24197.1
Américo de Campos;3501806;americampense;CARLOS ROBERTO ACHILLES;252.876;5981;22.54;98.2;0.745;19.61;2.140.683.023;17546
Amparo;3501905;amparense;LUIZ OSCAR VITALE JACOB;445.323;72677;147.75;95.7;0.785;5.65;24.072.795.422;61227.8
Analândia;3502002;analandense;JAIRO APARECIDO MASCIA;325.953;5056;13.18;99.7;0.754;21.28;309.675.513;32880.3
Andradina;3502101;andradinense;TAMIKO INOUE;964.226;57202;57.39;98.2;0.779;13.35;14.735.321.707;34385.26
Angatuba;3502200;angatubense;LUIZ ANTONIO MACHADO;1.027.288;25479;21.61;98.3;0.719;6.31;6.630.615.913;39106.98
Anhembi;3502309;anhembiense;MIGUEL VIEIRA MACHADO NETO;736.557;6819;7.67;97.2;0.721;14.08;2.990.798.478;23820.1
Anhumas;3502408;anhumense;GENILDO RAMINELI;320.84;4144;11.66;98.3;0.741;33.33;1.761.483.672;20587.87
Aparecida;3502507;aparecidense;ERNALDO CESAR MARCONDES;121.076;36185;289.13;98.4;0.755;6.25;9.827.114.272;28905.59
Aparecida d'Oeste;3502606;aparecidense;MAERCIO DIAS DE MENEZES;179.004;4158;24.86;97.7;0.721;21.74;1.774.429.241;28982.31
Apiaí;3502705;apiaiense;LUCIANO POLACZEK NETO;974.322;24226;25.85;97.3;0.71;16.67;650.666.608;26126.82
Araçariguama;3502754;araçariguamense;LILIANA MEDEIROS DE ALMEIDA AYMAR BECHAR;145.204;22860;117.63;98.2;0.704;12.01;9.890.372.356;135194.59
Araçatuba;3502804;araçatubense;DILADOR BORGES DAMASCENO;1.167.126;198129;155.54;97.6;0.788;11.02;48.979.965.507;35769.43
Araçoiaba da Serra;3502903;araçoiabano;DIRLEI SALAS ORTEGA;255.327;34776;106.88;99.4;0.776;7.23;8.257.797.635;20558.05
Aramina;3503000;araminense;DALVA APARECIDA PIERAZO RODRIGUES;202.829;5655;25.39;98.7;0.74;14.49;218.444.276;23120.43
Arandu;3503109;aranduense;LUIZ CARLOS DA COSTA;285.908;6365;21.42;98.4;0.685;30.93;3.041.449.906;18718.3
Arapeí;3503158;arapeiense;EDSON ANDRE DE SOUZA;156.903;2460;15.89;98.7;0.68;71.43;1.264.783.575;11594.42
Araraquara;3503208;araraquarense;EDSON ANTONIO EDINHO DA SILVA;1.003.625;238339;207.9;98.7;0.815;10.46;79.761.315.061;39039.34
Araras;3503307;ararense;RUBENS FRANCO JUNIOR;644.831;135506;184.3;97.5;0.781;12.11;47.276.251.826;40249.39
Arco-Íris;3503356;arcoirense;ANA MARIA ZONER LEAL SERAFIM;264.904;1773;7.27;99.1;0.722;33.33;1.239.160.573;25729.5
Arealva;3503406;arealvense;ELSON BANUTH BARRETO;506.226;8613;15.53;99.6;0.744;21.05;2.370.469.254;25252.59
Areias;3503505;areiense;PAULO HENRIQUE DE SOUZA COUTINHO;305.227;3896;12.11;96.8;0.697;21.28;1.591.897.697;11088.39
Areiópolis;3503604;areiopolitano;ANTONIO MARCOS DOS SANTOS;85.907;11158;123.35;97.3;0.695;22.9;2.765.950.588;12135.07
Ariranha;3503703;ariranhense;JOAMIR ROBERTO BARBOZA;132.624;9761;64.19;99.6;0.733;25;3.979.184.863;76260.53
Artur Nogueira;3503802;nogueirense;IVAN CLEBER VICENSOTTI;178.026;55340;248.15;98.3;0.749;7.36;141.937.105;20795.4
Arujá;3503901;arujaense;JOSE LUIZ MONTEIRO;96.167;91157;779.33;98.2;0.784;16.32;24.738.693.664;61458.72
Aspásia;3503950;aspasiense;JOSUÉ EDUARDO DE ASSUNÇÃO;69.373;1818;26.09;97.1;0.735;-;1.347.252.382;18013.72
Assis;3504008;assisense;JOSÉ APARECIDO FERNANDES;460.609;105087;206.7;98.9;0.805;7.69;28.856.658.779;32100.85
Atibaia;3504107;atibaiano;SAULO PEDROSO DE SOUZA;478.521;144088;264.57;97.3;0.765;11.07;46.527.938.024;44119.9
Auriflama;3504206;auriflamense;OTAVIO HENRIQUE ORTUNHO WEDEKIN;434.498;15253;32.72;98.8;0.773;5.85;3.907.089.907;19494.28
Avaí;3504305;avaiense;ANDRÉ LUIS DA SILVEIRA ANTONIO;540.689;5436;9.18;99.4;0.714;14.08;18.277.667;49447.56
Avanhandava;3504404;avanhandavense;CIRO AUGUSTO MOURA VENERONI;338.37;13859;33.4;97.2;0.705;6.37;4.172.229.587;32647.32
Avaré;3504503;avareense;JOSELYR BENEDITO COSTA SILVESTRE;1.213.055;91232;68.37;97.9;0.767;11.49;27.855.738.041;29292.24
Bady Bassitt;3504602;badiense;LUIZ ANTONIO TOBARDINI;110.372;17761;132.32;98.5;0.746;4.65;5.503.085.403;18921.96
Balbinos;3504701;balbinense;BENEDITO JACKSON BALANCIERI;91.635;5934;40.4;98.9;0.669;55.56;1.405.214.424;10484.51
Bálsamo;3504800;balsamense;CARLOS EDUARDO CARMONA LOURENÇO;149.881;9139;54.18;99;0.756;11.76;2.276.147.872;22823.09
Bananal;3504909;bananalense;CARLINDO NOGUEIRA RODRIGUES;616.429;10993;16.58;97.1;0.733;21.28;3.169.134.202;18607.15
Barão de Antonina;3505005;barãoense;MARIA ROSA BUENO DE MEIRA;153.142;3498;20.35;100;0.711;17.54;1.412.696.188;23385.88
Barbosa;3505104;barbosano;PAULO CÉSAR BALIEIRO;205.212;7468;32.14;98.4;0.699;11.36;2.006.111.119;12333.85
Bariri;3505203;baririense;FRANCISCO LEONI NETO;444.405;35558;71.14;96.3;0.75;9.98;9.291.584.917;33129.26
Barra Bonita;3505302;barra-bonitense;JOSÉ LUIS RICI;150.121;36126;235.12;99.8;0.788;13.42;1.034.400.716;38198.66
Barra do Chapéu;3505351;barrense;JANETE SARTI DO AMARAL;405.681;5760;12.93;96.9;0.66;27.78;1.645.513.088;14427.42
Barra do Turvo;3505401;barra-turvense;JEFFERSON LUIZ MARTINS;1.007.684;7632;7.67;95.6;0.641;12.05;3.200.527.199;10060.79
Barretos;3505500;barretense;GUILHERME HENRIQUE DE ÁVILA;1.566.161;122833;71.6;97.8;0.789;14.57;54.357.856.644;36834.01
Barrinha;3505609;barrinhense;MITUO TAKAHASI;146.025;33180;195.66;97.5;0.725;8.51;7.259.476.774;14691.77
Barueri;3505708;barueriense;RUBENS FURLAN;65.701;276982;3665.21;97.8;0.786;8.47;245.013.078.723;177747.83
Bastos;3505807;bastense;MANOEL IRONIDES ROSA;170.912;20953;118.95;98.5;0.751;10.34;5.041.974.043;49737.57
Batatais;3505906;batataense;JOSE LUIS ROMAGNOLI;849.526;62980;66.48;97.7;0.761;14.75;15.720.301.525;24063.75
Bauru;3506003;bauruense;CLODOALDO ARMANDO GAZZETTA;667.684;379297;515.12;96.9;0.801;12.98;117.232.348.483;37051.72
Bebedouro;3506102;bebedourense;FERNANDO GALVÃO MOURA;683.192;77555;109.81;98.5;0.78;9.88;26.294.413.955;41929.78
Bento de Abreu;3506201;bento-abreuense;GENIVAL PRATES ALVES;301.687;3005;8.87;97.9;0.744;32.26;1.617.083.182;58041.53
Bernardino de Campos;3506300;bernardinense;ODILON RODRIGUES MARTINS;244.158;11158;44.12;98.3;0.734;20.27;2.949.533.563;21168.91
Bertioga;3506359;bertioguense;CAIO ARIAS MATHEUS;491.546;64723;97.21;98.1;0.73;16.27;34.953.846.811;27093.33
Bilac;3506409;bilaquense;VITOR OSMAR BOTINI;158.025;8117;44.63;99;0.768;26.67;2.529.308.059;23593.57
Birigui;3506508;biriguiense;CRISTIANO SALMEIRÃO;530.031;124883;204.79;98;0.78;14.67;35.071.805.117;26071.64
Biritiba Mirim;3506607;biritibano;JARBAS EZEQUIEL DE AGUIAR;317.406;32936;90.03;97.7;0.712;15.23;6.401.243.166;22162.33
Boa Esperança do Sul;3506706;boa-esperancense;FABIO LUIS DE SOUZA;690.748;15018;19.75;96;0.681;17.65;4.019.062.552;24812.08
Bocaina;3506805;bocainense;MARCO ANTONIO GIRO;363.926;12452;29.84;99.3;0.742;32;3.744.281.588;18705.27
Bofete;3506904;bofetense;DIRCEO ANTONIO LEME DE MELO;653.541;11921;14.72;95.1;0.705;8.06;3.295.507.294;14637.88
Boituva;3507001;boituvense;FERNANDO LOPES DA SILVA;248.954;62170;194.07;98.7;0.78;11.1;19.051.618.094;46569.95
Bom Jesus dos Perdões;3507100;perdoense;SERGIO FERREIRA;108.366;25985;181.87;97.7;0.713;12.16;6.784.087.637;35962.34
Bom Sucesso de Itararé;3507159;bom sucessiense;LUIZ HUMBERTO CAMPOS;133.578;3984;26.73;98.3;0.66;14.29;1.489.340.022;13624.33
Borá;3507209;boraense;WILSON FERREIRA COSTA;118.951;838;6.8;94.6;0.746;-;977.339.024;88396.67
Boracéia;3507308;boraceense;MARCOS VINICIO BILANCIERI;122.11;4868;34.95;99.3;0.754;18.18;222.448.319;59192.14
Borborema;3507407;borboremense;VLADIMIR ANTONIO ADABO;552.256;16164;26.31;98.3;0.73;13.25;4.163.090.222;25908.07
Borebi;3507456;borebiense;ANTONIO CARLOS VACA;347.989;2683;6.59;99.5;0.705;55.56;1.568.580.692;24244.96
Botucatu;3507506;botucatuense;MARIO EDUARDO PARDINI AFFONSECA;1.482.642;148130;85.88;97.8;0.8;13.99;34.809.799.717;30100.24
Bragança Paulista;3507605;bragantino;JESUS ADIB ABI CHEDID;512.584;170533;286.26;97;0.776;8.54;41.956.918.644;34553.72
Braúna;3507704;braunense;FLAVIO ADALBERTO RAMOS GIUSSANI;195.176;5741;25.7;98.6;0.737;15.63;1.704.980.737;17011.09
Brejo Alegre;3507753;brejoalegrense;ADRIANO MARCELO BONILHA;105.689;2889;24.41;95.9;0.71;28.57;1.794.573.318;68785.63
Brodowski;3507803;brodosquiano;JOSE LUIZ PEREZ;278.458;25277;75.8;97.5;0.755;9.09;6.888.722.289;26538.75
Brotas;3507902;brotense;LEANDRO CORRÊA;1.101.373;24636;19.59;99.1;0.74;7.33;8.049.501.377;33700.04
Buri;3508009;buriense;OMAR YAHYA CHAIN;1.196.462;19965;15.52;98.5;0.667;13.16;6.141.611.714;18670.83
Buritama;3508108;buritamense;RODRIGO ZACARIAS DOS SANTOS;326.921;17281;47.19;96.7;0.763;5.59;6.092.304.761;35870.84
Buritizal;3508207;buritinense;AGLIBERTO GONÇALVES;266.42;4514;15.21;99.4;0.735;55.56;2.245.155.903;40391.93
Cabrália Paulista;3508306;cabraliense;JOSÉ MADRIGAL RUDA FILHO;239.974;4243;18.19;97.5;0.694;38.46;1.597.261.734;19410.62
Cabreúva;3508405;cabreuvano;HENRIQUE MARTIN;260.234;50429;159.87;97.3;0.738;16.62;19.273.091.119;89694.92
Caçapava;3508504;caçapavense;FERNANDO CID DINIZ BORGES;368.99;95018;229.66;98;0.788;9.5;22.230.583.405;44013.99
Cachoeira Paulista;3508603;cachoeirense;EDSON MENDES MOTA;287.99;33581;104.49;98;0.764;17.33;7.832.961.452;18044.77
Caconde;3508702;cacondense;JOSÉ BENTO FELIZARDO FILHO;468.214;19009;39.44;97.7;0.72;14.15;4.867.607.968;18060.11
Cafelândia;3508801;cafelandense;LUIS ZAMPIERI RIBEIRO PAULIQUEVIS;920.28;17843;18.05;96.7;0.742;8.89;5.871.812.186;26542.48
Caiabu;3508900;caiabuense;DARIO MARQUES PINHEIRO;253.352;4193;16.11;98.9;0.729;20.83;1.559.789.667;14390.13
Caieiras;3509007;caieirense;GERSON MOREIRA ROMERO;97.642;102775;900.37;94.8;0.781;7.54;23.756.495.633;33491.19
Caiuá;3509106;caiuense;RUTE ALMEIDA DOS SANTOS LIMA;551.159;5946;9.16;99.3;0.697;46.51;261.710.968;13633.51
Cajamar;3509205;cajamarense;DANILO BARBOSA MACHADO;131.386;77934;488.18;96.5;0.728;13.52;3.864.984.297;202962.5
Cajati;3509254;cajatiense;LUCIVAL JOSÉ CORDEIRO;454.436;28494;62.43;98.4;0.694;10.06;842.043.461;54220.11
Cajobi;3509304;cajobiense;GUSTAVO SEBASTIÃO DA COSTA;176.929;10596;55.22;99.7;0.734;10.42;3.021.652.334;14620.34
Cajuru;3509403;cajuruense;JOÃO BATISTA RUGGERI RÉ;660.088;26393;35.41;97.1;0.713;11.73;59.784.761;22413.69
Campina do Monte Alegre;3509452;campinomontealegrense;GIL VICENTE DE OLIVEIRA JUNIOR;184.479;6057;30.09;97.5;0.717;26.67;1.947.558.047;17775.98
Campinas;3509502;campineiro;JONAS DONIZETTE FERREIRA;794.571;1213792;1359.6;96;0.805;8.88;471.997.568.304;49942.59
Campo Limpo Paulista;3509601;campo-limpense;ROBERTO ANTONIO JAPIM DE ANDRADE;79.403;85541;932.92;96.7;0.769;11.35;16.342.727.489;23293.67
Campos do Jordão;3509700;jordanense;FREDERICO GUIDONI SCARANELLO;290.309;52405;164.76;97.1;0.749;7.82;18.037.879.266;23235.33
Campos Novos Paulista;3509809;campos-novense;JÚLIO CÉSAR DO CARMO;484.199;4997;9.38;97.9;0.706;25.97;1.966.472.806;25782.07
Cananéia;3509908;cananeiense;GABRIEL DOS SANTOS OLIVEIRA ROSA;1.237.354;12541;9.86;97.3;0.72;10.53;472.603.411.199.999;20522.82
Canas;3509957;canense;LUCEMIR DO AMARAL;53.261;5204;82.33;98.3;0.704;47.06;2.046.471.278;51603.95
Cândido Mota;3510005;cândido-motense;CARLOS ROBERTO BUENO;595.811;31346;50.12;98.2;0.747;14.84;9.180.050.762;32167.96
Cândido Rodrigues;3510104;cândido-rodriguense;ANTONIO CLAUDIO FALCHI;70.892;2799;37.94;99;0.789;47.62;1.417.740.555;41307.08
Canitar;3510153;canitarense;ANIBAL FELICIANO;57.459;5292;76.34;96.1;0.68;28.57;1.700.702.541;38697.82
Capão Bonito;3510203;capão-bonitense;MARCO ANTONIO CITADINI;1640.23;47118;28.15;98.7;0.721;8.97;12.248.296.613;17158.94
Capela do Alto;3510302;capelense;PERICLES GONÇALVES;169.89;20985;103.2;96.5;0.699;14.04;5.183.196.495;14285.4
Capivari;3510401;capivariano;RODRIGO ABDALA PROENÇA;322.878;56379;150.45;97.3;0.75;16.13;19.216.205.772;34575.39
Caraguatatuba;3510500;caraguatatubense;JOSE PEREIRA DE AGUILAR JUNIOR;484.947;123389;207.88;97.7;0.759;13.09;5.953.609.078;25073.95
Carapicuíba;3510609;carapicuibano;MARCO AURELIO DOS SANTOS NEVES;34.546;403183;10698.32;96.2;0.749;10.77;41.606.726.676;13854.1
Cardoso;3510708;cardosense;JAIR CESAR NATTES;639.248;12349;18.45;96.8;0.722;14.29;4.032.040.495;21054.28
Casa Branca;3510807;casa-branquense;MARCO CESAR DE PAIVA AGA;864.225;30520;32.76;96.9;0.73;6.33;9.269.325.741;26596.41
Cássia dos Coqueiros;3510906;cassiano;DILMA CUNHA DA SILVA;191.683;2505;13.74;99.5;0.734;47.62;129.997.879;53975.74
Castilho;3511003;castilhense;APARECIDA DE FATIMA GAVIOLI NASCIMENTO;1.065.318;21267;16.89;99.1;0.731;24.39;7.716.998.419;49166.56
Catanduva;3511102;catanduvense;AFONSO MACCHIONE NETO;290.596;122497;388.24;98.1;0.785;8.14;40.370.092.796;32932.52
Catiguá;3511201;catigüense;VERA LUCIA DE AZEVEDO VALLEJO;148.393;7855;48.03;98.4;0.751;10.75;1.943.758.657;15366.45
Cedral;3511300;cedralense;PAULO RICARDO BEOLCHI DE LUCAS;197.838;9346;40.33;98.7;0.766;19.61;3.096.082.651;34862.28
Cerqueira César;3511409;cerqueirense;MARCOS ANTONIO ZALOTI;511.621;20191;34.27;98.2;0.729;4.1;642.727.041;38625.59
Cerquilho;3511508;cerquilhense;ALDOMIR JOSÉ SANSON;127.803;49802;309.98;99.6;0.782;5.96;13.870.953.714;37302.48
Cesário Lange;3511607;cesariano-lange;RONALDO PAIS DE CAMARGO;190.392;18375;81.46;96.3;0.706;21.28;5.341.386.635;23835.12
Charqueada;3511706;charqueadense;ROMEU ANTONIO VERDI;175.846;17367;85.79;97.9;0.736;19.42;3.858.850.552;20922.56
Clementina;3511904;clementinense;CÉLIA CONCEIÇÃO FREITAS GALHARDO;168.59;8757;41.85;98;0.725;8.55;2.523.684.461;29700.4
Colina;3512001;colinense;DIAB TAHA;422.303;18535;41.11;98.4;0.757;8.1;6.947.246.161;51642.33
Colômbia;3512100;colombiense;ENDRIGO LUCAS GAMBARATO BERTIN;728.648;6216;8.22;99.2;0.71;11.76;3.861.876.712;57545.34
Conchal;3512209;conchalense;LUIZ VANDERLEI MAGNUSSON;182.793;28273;138.02;96.7;0.708;12.2;8.641.317.651;23809
Conchas;3512308;conchense;ODIRLEI REIS;466.12;18019;34.95;97.6;0.736;9.62;5.064.558.986;19518.27
Cordeirópolis;3512407;cordeiropolense;JOSE ADINAN ORTOLAN;137.579;24826;153.22;96.7;0.758;3.55;12.167.231.628;109697.7
Coroados;3512506;coroadense;TEREZINHA APARECIDA CASTILHO VARONI;246.825;6129;21.26;98.3;0.719;13.89;1.840.657.198;27503.97
Coronel Macedo;3512605;macedense;JOSE ROBERTO SANTINONI VEIGA;303.83;4635;16.45;99.1;0.69;18.52;1.898.206.845;16545.85
Corumbataí;3512704;corumbataiense;LEANDRO MARTINEZ;278.622;4064;13.9;97;0.754;18.87;2.344.837.991;51496.46
Cosmópolis;3512803;cosmopolense;JOSE PIVATTO;154.665;73474;380.37;98;0.769;10.83;14.844.159.284;22807.24
Cosmorama;3512902;cosmoramense;LUIS FERNANDO GONÇALVES;441.68;7298;16.33;97.9;0.722;33.33;2.564.712.509;36908.64
Cotia;3513009;cotiano;ROGERIO CARDOSO FRANCO;323.994;253608;620.81;97.5;0.78;7.42;72.086.657.794;48678.74
Cravinhos;3513108;cravinhense;JOSÉ CARLOS CARRASCOSA DOS SANTOS;311.423;35579;101.77;98.1;0.756;12.44;111.134.667;29876.08
Cristais Paulista;3513207;cristalense;KATIUSCIA DE PAULA LEONARDO MENDES;385.23;8718;19.7;98.2;0.734;16.53;2.548.163.482;23225.77
Cruzália;3513306;cruzaliense;JOSÉ ROBERTO CIRINO;149.33;2046;15.26;97.8;0.774;43.48;146.318.345;60721.4
Cruzeiro;3513405;cruzeirense;THALES GABRIEL FONSECA;305.699;82571;252.01;97.6;0.788;14.05;14.734.817.894;26145.67
Cubatão;3513504;cubatense;ADEMARIO DA SILVA OLIVEIRA;142.879;131626;830.91;98;0.737;13.58;9.851.541.083;95822.18
Cunha;3513603;cunhense;ROLIEN GUARDA GARCIA;1407.25;21459;15.54;98;0.684;4.15;5.132.950.024;11105.76
Descalvado;3513702;descalvadense;ANTONIO CARLOS RESCHINI;753.706;33910;41.2;98.6;0.76;8.36;9.257.565.685;49281.66
Diadema;3513801;diademense;LAURO MICHELS SOBRINHO;30.732;426757;12536.99;96.8;0.757;12.41;121.270.415.444;32097.86
Dirce Reis;3513850;dircense;EUCLIDES SCRIBONI BENINI;88.133;1799;19.12;100;0.741;111.11;1.293.980.784;33922.56
Divinolândia;3513900;divinolandense;NAIEF HADDAD NETO;223.749;11086;50.46;98.6;0.734;8.62;3.118.057.134;26338.37
Dobrada;3514007;dobradense;JOSÉ CARLOS SIMÃO;149.729;9010;53.02;99.5;0.718;16.67;1.890.998.197;13385.27
Dois Córregos;3514106;dois-correguense;RUY DIOMEDES FAVARO;632.972;27512;39.12;96.7;0.725;11.98;6.973.672.159;24315.12
Dolcinópolis;3514205;dolcinopolense;AMÉRICO RIBEIRO DO NASCIMENTO;77.939;2112;26.76;100;0.742;-;981.463.877;20999.28
Dourado;3514304;douradense;LUIZ ANTONIO ROGANTE JUNIOR;205.874;8878;41.82;100;0.738;31.25;274.537.845;66791.85
Dracena;3514403;dracenense;JULIANO BRITO BERTOLINI;487.688;47043;88.64;98.2;0.776;10.18;10.936.069.292;25188.56
Duartina;3514502;duartinense;ADERALDO PEREIRA DE SOUZA JUNIOR;264.557;12433;46.31;98.3;0.748;6.8;3.479.601.249;20076.39
Dumont;3514601;dumonense;ALAN FRANCISCO FERRACINI;111.376;10023;73.13;97.6;0.744;9.71;2.584.689.081;24711.75
Echaporã;3514700;echaporense;LUIS GUSTAVO EVANGELISTA;515.258;6064;12.26;98.8;0.745;24.69;2.162.941.985;20504.3
Eldorado;3514809;eldoradense;DURVAL ADELIO DE MORAIS;1.654.256;15544;8.85;97.3;0.691;14.56;3.975.467.225;23452.26
Elias Fausto;3514908;elias-faustense;MAURICIO BARONI BERNARDINETTI;202.36;17936;77.83;97.3;0.695;14.42;5.215.579.784;36355.8
Elisiário;3514924;elisiarense;RUBENS FRANCISCO;93.98;3697;33.2;98.6;0.747;26.32;1.507.041.166;19196.39
Embaúba;3514957;embaubense;ROGERIO CLEBER PERES;83.129;2449;29.15;100;0.73;55.56;1.403.784.829;21949.7
Embu das Artes;3515004;embuense;CLAUDINEI ALVES DOS SANTOS;70.398;276535;3412.89;96.8;0.735;11.41;55.980.658.715;43860.23
Embu-Guaçu;3515103;embu-guaçuense;MARIA LUCIA DA SILVA MARQUES;155.641;69901;403.32;97.1;0.749;5.95;12.715.569.309;15284.76
Emilianópolis;3515129;emilianópolense;JOÃO BATISTA AMARAL;225.167;3227;13.45;97.3;0.727;25;1.395.866.666;18994.35
Engenheiro Coelho;3515152;engenheiro coelhense;PEDRO FRANCO DE OLIVEIRA;109.941;21249;142.99;98.5;0.732;7.35;502.249.802;30601.28
Espírito Santo do Pinhal;3515186;pinhalense;SERGIO DEL BIANCHI JUNIOR;389.235;44471;107.61;97.9;0.787;4.18;9.830.415.753;28503.78
Espírito Santo do Turvo;3515194;espírito santense;AFONSO NASCIMENTO NETO;193.666;4878;21.92;97.4;0.696;45.45;1.794.254.007;15178.53
Estrela d'Oeste;3515202;estrelense;ANTONIO VALTER DOS SANTOS;296.281;8419;27.69;99;0.76;18.35;3.289.195.349;101518.88
Estrela do Norte;3515301;estrelense;CICERO CIRINO DA SILVA;264.987;2770;10.09;98.9;0.74;27.78;1.434.214.864;23282.62
Euclides da Cunha Paulista;3515350;euclidense;CHRISTIAN FUZIKI IKEDA;573.894;9325;16.66;98.5;0.704;27.27;2.647.153.319;11500.68
Fartura;3515400;farturense;HAMILTON CESAR BORTOTTI;429.171;16070;35.7;97.4;0.732;5;4.395.959.744;24248.01
Fernandópolis;3515509;fernandopolense;ANDRÉ GIOVANNI PESSUTO CANDIDO;549.797;69402;117.62;99.4;0.797;17.65;17.468.338.965;28109.45
Fernando Prestes;3515608;fernando-prestense;BENTO LUCHETTI JUNIOR;169.99;5794;32.43;96.5;0.758;14.93;1.967.936.307;34512.03
Fernão;3515657;fernãoense;ADELCIO APARECIDO MARTINS;100.504;1727;15.51;99.1;0.703;55.56;1.148.403.755;27240.48
Ferraz de Vasconcelos;3515707;ferrazense;JOSÉ CARLOS FERNANDES CHACON;29.564;196500;5692.55;97.6;0.738;11.03;26.726.232.101;15830.42
Flora Rica;3515806;flora-riquense;JOSE DE CASTRO AGUIAR FILHO;224.711;1430;7.78;99.1;0.727;45.45;1.214.719.562;24976.72
Floreal;3515905;florealense;JOÃO MANOEL DE CASTILHO;204.236;2900;14.7;96.2;0.747;55.56;1.743.996.057;19937.6
Flórida Paulista;3516002;floridense;WILSON FROIO JUNIOR;524.138;14790;24.47;98.9;0.715;23.08;3.187.861.943;13775.64
Florínea;3516101;florinense ou florineano;PAULO EDUARDO PINTO;225.886;2653;12.54;96.6;0.713;25;165.833.992;83992.2
Franca;3516200;francano;GILSON DE SOUZA;605.679;355901;526.09;98.2;0.78;8.8;69.376.486.769;27097.66
Francisco Morato;3516309;moratense;RENATA TORRES DE SENE;49.001;177633;3147.8;95.8;0.703;10.93;28.306.188.222;8535.03
Franco da Rocha;3516408;franco-rochense;FRANCISCO DANIEL CELEGUIM DE MORAIS;132.775;156492;980.95;95.7;0.731;14.24;28.328.564.064;20265.91
Gabriel Monteiro;3516507;monteirense;VANDERLEI ANTONINHO MENDONÇA;138.681;2776;19.55;99.7;0.763;40;138.922.692;27089.48
Gália;3516606;galiense;RENATO INACIO GONÇALVES;355.914;6482;19.69;97;0.709;38.46;207.128.507;20344.84
Garça;3516705;garcense;JOAO CARLOS DOS SANTOS;555.807;44409;77.6;98.1;0.769;16.98;13.660.683.684;25999.84
Gastão Vidigal;3516804;vidigalense;ROBERTO CARLOS DA SILVA BRESEGHELLO;180.569;4860;23.17;96.6;0.723;45.45;1.522.179.347;14241.82
Gavião Peixoto;3516853;gavionense;GUSTAVO MARTINS PICCOLO;243.766;4815;18.13;98.7;0.719;14.49;3.704.895.802;177213.56
General Salgado;3516903;salgadense;LEANDRO ROGERIO DE OLIVEIRA;494.376;10862;21.63;98.5;0.747;8.2;4.419.869.202;23729.64
Getulina;3517000;getulinense;ANTONIO CARLOS MAIA FERREIRA;676.755;11447;15.86;99.4;0.717;10;2.748.055.568;17172.85
Glicério;3517109;glicerense;ILDO DE SOUZA;272.8;4829;16.69;98.5;0.735;15.38;1.852.322.084;20221.31
Guaiçara;3517208;guaiçarense;OSVALDO AFONSO COSTA;277.154;12294;39.35;98.4;0.739;12.5;2.977.761.906;15609.27
Guaimbê;3517307;guaimbeense;ALBERTINO DOMINGUES BRANDÃO;217.811;5785;24.88;99;0.728;11.24;1.931.637.921;12562.26
Guaíra;3517406;guairense;JOSÉ EDUARDO COSCRATO LELIS;1.258.465;41040;29.72;97.8;0.753;6.26;15.656.554.772;91773.43
Guapiaçu;3517505;guapiaçuense;CARLOS CESAR ZAITUNE;325.126;21775;55;98;0.725;4.17;6.187.292.947;25632.58
Guapiara;3517604;guapiense;JUSMARA RODOLFO PASSARO;408.292;17025;44.08;96.7;0.675;36.76;4.456.750.092;17979.36
Guará;3517703;guaraense;MARCO AURÉLIO MIGLIORI;362.183;21308;54.78;98;0.718;4.17;5.490.499.999;20036.12
Guaraçaí;3517802;guaraçaiense;NELSON KAZUMI TANAKA;569.197;8290;14.8;98;0.719;42.25;2.590.289.786;27048.5
Guaraci;3517901;guaraciense;ELSON MACHADO SILVEIRA;641.501;11287;15.55;97;0.737;16.26;4.717.214.591;34356.04
Guarani d'Oeste;3518008;guaraniense;NILSON TIMPORIM CAFFER;85.7;1998;23.03;95.6;0.732;50;1.161.059.837;16860.59
Guarantã;3518107;guarantãense;CLAUDIO JOSE DA TRINDADE;461.746;6675;13.89;98.9;0.713;44.12;1.891.666.553;24977.66
Guararapes;3518206;guararapense;TAREK DARGHAM;955.637;33100;31.99;99.6;0.763;10.81;8.691.560.146;30233.85
Guararema;3518305;guararemense;ADRIANO DE TOLEDO LEITE;270.816;30136;95.43;97.3;0.731;9.85;16.131.960.779;33161.69
Guaratinguetá;3518404;guaratinguetaense;MARCUS AUGUSTIN SOLIVA;752.636;122505;148.91;97.8;0.798;13.79;30.489.553.466;43828.48
Guareí;3518503;guareiense;JOSÉ AMADEU DE BARROS;567.884;18887;25.72;96.3;0.687;6.58;3.644.106.027;13664.68
Guariba;3518602;guaribense;FRANCISCO DIAS MANÇANO JUNIOR;270.289;40487;131.29;97.3;0.719;9.96;9.482.885.351;22680.97
Guarujá;3518701;guarujaense;VALTER SUMAN;144.794;322750;2026.8;95.9;0.751;18.51;115.355.418.582;27220.37
Guarulhos;3518800;guarulhense;GUSTAVO HENRIC COSTA;318.675;1392121;3834.51;97.1;0.763;11.59;398.543.868.069;41318.74
Guatapará;3518859;guataparaense;JURACI COSTA DA SILVA;413.567;7709;16.84;99.1;0.743;18.18;2.667.109.258;28824.48
Guzolândia;3518909;guzolandense;LUIZ ANTONIO PEREIRA DE CARVALHO;252.477;5307;18.86;85.3;0.697;16.13;1.760.196.305;11900.44
Herculândia;3519006;herculandense;RICHARDSON BRANCO NUNES;364.252;9588;23.85;98.4;0.727;9.71;22.891.195;32176.87
Holambra;3519055;holambrense;FERNANDO FIORI DE GODOY;65.577;15272;172.3;98.8;0.793;4.67;6.793.448.903;64813.35
Hortolândia;3519071;hortolandense;ANGELO AUGUSTO PERUGINI;62.416;234259;3094.16;97.5;0.756;8.08;67.418.619.628;58188.31
Iacanga;3519105;iacanguense;ISMAEL EDSON BOIANI;547.393;11858;18.29;96.7;0.745;7.63;412.838.993;36426.05
Iacri;3519204;iacriano;CARLOS ALBERTO FREIRE;321.948;6295;19.9;99.4;0.733;17.86;1.717.247.081;31973.81
Iaras;3519253;iarense;FRANCISCO PINTO DE SOUZA;401.381;9517;15.89;98.5;0.674;54.05;2.349.336.282;14701.4
Ibaté;3519303;ibateense;JOSE LUIZ PARELLA;290.978;35472;105.74;97.6;0.703;3.98;8.251.537.296;26759.56
Ibirá;3519402;ibiraense;EDVARD ALBERTO COLOMBO;271.912;12518;40.07;98.4;0.74;13.7;3.714.219.875;20329.69
Ibirarema;3519501;ibiraremense;THIAGO ANTÔNIO BRIGANÓ;228.23;7841;29.45;97.4;0.708;29.85;2.389.156.961;23927.43
Ibitinga;3519600;ibitinguense;CRISTINA MARIA KALIL ARANTES;689.391;60600;77.12;95.8;0.747;13.48;13.435.173.134;25233.68
Ibiúna;3519709;ibiunense;JOÃO BENEDICTO DE MELLO NETO;1.058.082;79479;67.31;95.8;0.71;12.74;1.840.892.641;21050.04
Icém;3519808;icense;MARIA DE LOURDES GOMES DA SILVA DE MORAI;362.355;8304;20.58;98.5;0.72;27.27;3.359.575.417;22073.15
Iepê;3519907;iepense;ANTONIO MENOCCI;594.974;8194;12.81;97.9;0.736;19.42;301.662.191;30222.73
Igaraçu do Tietê;3520004;iguaraçuense;CARLOS ALBERTO VARASQUIM;97.747;24749;239.07;98.8;0.727;20.76;5.917.584.358;12177.1
Igarapava;3520103;igarapavense;JOSE RICARDO RODRIGUES MATTAR;468.355;30614;59.7;97.8;0.768;6.71;828.253.599;35787.31
Igaratá;3520202;igaratense;CELSO FORTES PALAU;292.953;9583;30.14;99.1;0.711;8.2;3.853.221.607;23020.44
Iguape;3520301;iguapense;WILSON ALMEIDA LIMA;1.978.795;30989;14.58;99.5;0.726;32.79;8.926.986.164;26430.11
Ilhabela;3520400;ilhabelense;MARCIO BATISTA TENÓRIO;346.389;35591;81.13;98.3;0.756;9.43;41.701.791.236;184493.91
Ilha Comprida;3520426;ilha compridense;GERALDINO BARBOSA DE OLIVEIRA JÚNIOR;196.567;11362;47.01;98.2;0.725;6.29;9.302.952.622;65028.5
Ilha Solteira;3520442;ilhense;EDSON GOMES;652.641;26788;38.42;99.3;0.812;14.04;11.143.211.982;23641.14
Indaiatuba;3520509;indaiatubano;NILSON ALCIDES GASPAR;311.545;256223;646.11;98.2;0.788;9.7;95.951.237.517;56301.42
Indiana;3520608;indianense;CELEIDE APARECIDA FLORIANO;129.367;4879;38.11;98;0.761;18.18;1.567.878.153;12414.47
Indiaporã;3520707;indiaporãense;ELAINE ALVARES SILVEIRA ROCHA;279.606;3886;13.96;98.5;0.751;20.41;1.898.209.407;23480.79
Inúbia Paulista;3520806;inubense;JOAO SOARES DOS SANTOS;87.119;4019;41.53;98.3;0.759;-;1.435.947.921;35570.58
Ipaussu;3520905;ipauçuense;SERGIO GALVANIN GUIDIO FILHO;209.554;15069;65.17;97.9;0.727;15.71;4.259.493.842;24913.92
Iperó;3521002;iperoense;VANDERLEI POLIZELI;170.289;37964;166.2;98.9;0.719;11.49;8.268.638.315;16164.47
Ipeúna;3521101;ipeunense;JOSE ANTONIO DE CAMPOS;190.01;7687;31.66;98.8;0.753;9.62;2.638.376.638;97251.2
Ipiguá;3521150;ipiguaense;EMILIO PAZIANOTO;136.028;5476;32.89;98.5;0.73;20;1.814.167.521;19439.57
Iporanga;3521200;iporanguense;VALMIR DA SILVA;1.152.059;4199;3.73;97.3;0.703;17.54;1.938.515.534;11743.97
Ipuã;3521309;ipuãnense;JOSE FRANCISCO SOUZA AVILA;466.461;16604;30.37;98;0.749;10.53;5.448.504.373;23807.09
Iracemápolis;3521408;iracemapolense;FABIO FRANCISCO ZUZA;115.118;24614;173.99;95.7;0.776;8.62;7.610.780.334;56294.14
Irapuã;3521507;irapuense;HAROLDO JOSE PEREIRA CIOCCA;257.612;8048;28.21;97.9;0.713;12.5;2.079.486.392;18961.09
Irapuru;3521606;irapuruense;SILVIO USHIJIMA;214.461;8325;36.24;95.1;0.712;25;1.815.140.176;10461.33
Itaberá;3521705;itaberaense;ALEX ROGERIO CAMARGO DE LACERDA;1.100.247;17480;16.08;97.9;0.693;32.26;521.254.518;29927.37
Itaí;3521804;itaiense;THIAGO DOS SANTOS MICHELIN;1.092.884;27382;22.17;97.9;0.713;3.03;7.614.201.532;22159.23
Itajobi;3521903;itajobiense;LAIRTO LUIZ PIOVESANA FILHO;502.066;15297;28.99;94.9;0.73;17.24;6.368.173.156;78173.65
Itaju;3522000;itajuense;JOSE LUIS FURCIN;230.355;3887;14.12;98.7;0.705;31.25;1.572.953.704;29092.19
Itanhaém;3522109;itanhaense;MARCO AURELIO GOMES DOS SANTOS;601.711;103102;144.69;97.5;0.745;7.2;3.783.863.151;18811.6
Itaoca;3522158;itaoquense;FREDERICO DIAS BATISTA;183.015;3330;17.64;98.8;0.68;47.62;1.617.857.517;11682.88
Itapecerica da Serra;3522208;itapecericano;JORGE JOSÉ DA COSTA;150.742;177662;1011.57;96.8;0.742;10.39;36.630.484.686;19200.84
Itapetininga;3522307;itapetingano;SIMONE APARECIDA CURRALADAS DOS SANTOS;1789.35;165526;80.65;96.4;0.763;15.6;42.675.460.157;27855.67
Itapeva;3522406;itapevense;LUIZ ANTONIO HUSSNE CAVANI;1.826.258;94804;48.05;98.4;0.732;8.01;26.397.264.795;25345.44
Itapevi;3522505;itapeviense;IGOR SOARES EBERT;82.658;240961;2428.88;96.5;0.735;11.69;53.397.066.809;50533.58
Itapira;3522604;itapirense;JOSE NATALINO PAGANINI;518.416;75234;132.21;98;0.762;23.66;25.034.039.636;46827.69
Itapirapuã Paulista;3522653;itapirapuã paulistense;JOAO BATISTA DE ALMEIDA CESAR;406.478;4268;9.55;99;0.661;30.3;158.424.124;9131.97
Itápolis;3522703;itapolitano;EDMIR ANTONIO GONÇALVES;996.747;43331;40.18;98.4;0.744;13.19;10.805.313.907;32121.54
Itaporanga;3522802;itaporanguense;VILSON APARECIDO RODRIGUES;507.997;15173;28.66;97.9;0.719;20.2;3.498.269.882;20382.91
Itapuí;3522901;itapuiense;ANTONIO ALVARO DE SOUZA;140.023;14147;86.46;96.5;0.725;32.47;4.032.040.542;45673.26
Itapura;3523008;itapurense;FABIO DOURADO;301.653;4951;14.46;98;0.72;25;2.297.943.781;21217.12
Itaquaquecetuba;3523107;itaquaquecetubense;MAMORU NAKASHIMA;82.622;375011;3895.24;96.4;0.714;12.92;57.377.286.888;19221.3
Itararé;3523206;itarareense;HELITON SCHEIDT DO VALLE;1003.86;50642;47.76;98;0.703;15.55;10.027.038.884;17375.57
Itariri;3523305;itaririense;DINAMERICO GONÇALVES PERONI;273.667;17598;56.53;96.4;0.677;12.82;3.488.620.054;15794.25
Itatiba;3523404;itatibense;DOUGLAS AUGUSTO PINHEIRO DE OLIVEIRA;322.276;122581;314.9;97.8;0.778;8.54;36.819.590.964;47778.72
Itatinga;3523503;itatinguense;JOÃO BOSCO BORGES;979.817;20921;18.42;98;0.706;3.64;6.068.049.774;15435.84
Itirapina;3523602;itirapinense;JOSE MARIA CANDIDO;564.603;18387;27.49;97.8;0.724;11.7;6.336.974.657;21959.99
Itirapuã;3523701;itirapuãnense;RUI GONÇALVES;161.118;6543;36.71;99.1;0.707;28.99;1.768.896.235;12222.24
Itobi;3523800;itobiano;ANTONIO ELIAS FILHO;138.986;7852;54.2;98.6;0.717;35.71;1.657.964.617;15706.27
Itu;3523909;ituano;GUILHERME DOS REIS GAZZOLA;640.719;175568;241.01;94.3;0.773;11.21;53.016.351.302;44504.91
Itupeva;3524006;itupevense;MARCO ANTONIO MARCHI;200.816;62813;223.38;97.4;0.762;16.53;22.537.151.487;107387.5
Ituverava;3524105;ituveravense;ADRIANA QUIREZA JACOB LIMA MACHADO;704.659;42045;54.87;97.9;0.765;6.24;13.606.657.043;39097.45
Jaborandi;3524204;jaborandiense;MARCOS ANTONIO DANIEL;273.438;6946;24.11;98.3;0.711;48.39;258.157.643;20543.76
Jaboticabal;3524303;jaboticabalense;JOSÉ CARLOS HORI;706.602;77652;101.42;97.9;0.778;13.02;26.987.444.489;35944.33
Jacareí;3524402;jacareiense;IZAIAS JOSÉ DE SANTANA;464.272;235416;454.94;98.3;0.777;11.05;79.561.947.276;50886.68
Jaci;3524501;jaciense;RAFAEL TRÍDICO;145.133;7196;38.87;97.7;0.723;11.49;2.316.848.995;50969.68
Jacupiranga;3524600;jacupiranguense;DEBORA CRISTINA VOLPINI;704.189;17889;24.44;97.4;0.717;11.45;4.247.718.526;33783.26
Jaguariúna;3524709;jaguariunense;MÁRCIO GUSTAVO BERNARDES REIS;141.391;58722;313.37;98;0.784;8.75;30.243.147.496;209320.86
Jales;3524808;jalesense;FLAVIO PRANDI FRANCO;368.574;49201;127.57;98.9;0.776;9.69;13.560.682.028;28394.63
Jambeiro;3524907;jambeirense;CARLOS ALBERTO DE SOUZA;184.413;6717;29.01;97.7;0.756;59.7;2.767.064.067;36787.92
Jandira;3525003;jandirense;PAULO FERNANDO BARUFI DA SILVA;17.449;126356;6207.76;96.9;0.76;11.67;23.598.583.921;33158.63
Jardinópolis;3525102;jardinopolense;JOÃO CIRO MARCONI;501.87;44970;74.99;97.1;0.735;14.52;12.044.774.933;24993.12
Jarinu;3525201;jarinuense;ELIANE LORENCINI CAMARGO;207.549;30617;114.85;98.2;0.733;6.33;10.796.003.669;78890.07
Jaú;3525300;jauense;RAFAEL LUNARDELLI AGOSTINI;687.103;151881;191.09;97.8;0.778;11.66;361304.59;31163.28
Jeriquara;3525409;jeriquarense;EDER LUIZ CARVALHO GONÇALVES;141.971;3151;22.26;98;0.703;20.83;1.576.701.664;26095.3
Joanópolis;3525508;joanopolitano;MAURO APARECIDO GARCIA BANHOS;374.293;13338;31.44;95.8;0.699;7.25;3.582.519.274;16043.39
João Ramalho;3525607;ramalhense;WAGNER MATHIAS;415.452;4551;9.99;99.4;0.741;16.13;190.481.281;40077.94
José Bonifácio;3525706;bonifacense;CELSO OLIMAR CALGARO;860.2;37366;38.1;99;0.777;4.26;8.504.946.331;38399.66
Júlio Mesquita;3525805;júlio-mesquitense;JOSE CARLOS MIRA;128.183;4800;34.55;97.7;0.716;34.48;1.629.430.831;10875.6
Jumirim;3525854;jumirense;DARCI SCHIAVI;56.685;3418;49.36;99.2;0.741;29.41;159.385.812;32107.9
Jundiaí;3525904;jundiaiense;LUIZ FERNANDO ARANTES MACHADO;431.207;423006;858.42;98.2;0.822;10.55;185.620.008.543;100679.5
Junqueirópolis;3526001;junqueiropolense;HELIO APARECIDO MENDES FURINI;582.565;20831;32.12;96.8;0.745;8.55;6.010.534.605;30128.38
Juquiá;3526100;juquiaense;RENATO DE LIMA SOARES;812.799;18718;23.68;97.7;0.7;17.99;4.332.419.616;18842.54
Juquitiba;3526209;juquitibense;AYRES SCORSATTO;522.169;31646;55.03;98.5;0.709;4.42;7.319.019.701;15653.16
Lagoinha;3526308;lagoinhense;TIAGO MAGNO DE OLIVEIRA;255.472;4889;18.95;99;0.693;40;1.538.531.473;11048.85
Laranjal Paulista;3526407;laranjalense;ALCIDES DE MOURA CAMPOS JUNIOR;384.274;28785;65.75;98.1;0.729;9.04;8.013.234.929;36123.07
Lavínia;3526506;lavinense;CLOVIS IZIDIO DE ALMEIDA;537.675;12285;16.33;98.6;0.721;14.49;3.192.057.164;13224.6
Lavrinhas;3526605;lavrinhense;SERGIO RUGGERI DE MELO;167.067;7311;39.45;98.5;0.729;30.93;214.259.798.799.999;15329.69
Leme;3526704;lemense;WAGNER RICARDO ANTUNES FILHO;402.871;104346;227.75;97.7;0.744;9.07;28.262.706.268;29434.15
Lençóis Paulista;3526803;lençoiense;ANDERSON PRADO DE LIMA;809.541;68990;75.88;99;0.764;5.81;2.092.687.412;38248.16
Limeira;3526902;limeirense;MÁRIO CELSO BOTION;580.711;308482;475.32;97.7;0.775;8.01;9.005.214.526;40393.18
Lindóia;3527009;lindoiano;LUIZ CARLOS SCARPIONI ZAMBOLIM;48.756;8092;137.67;97.4;0.742;28.57;3.062.069.173;21407.13
Lins;3527108;linense;EDGAR DE SOUZA;570.058;78503;124.98;98.4;0.786;10.66;1.828.737.478;46402.67
Lorena;3527207;lorenense;FABIO MARCONDES;414.16;89125;199.29;97.2;0.766;7.92;18.799.075.789;27729.79
Lourdes;3527256;lourdense;GISELE TONCHIS;113.94;2300;18.71;98.4;0.742;90.91;1.204.396.269;17116.41
Louveira;3527306;louveirense;NICOLAU FINAMORE JUNIOR;55.133;49993;673.37;97.3;0.777;15.04;38.352.537.831;300639.4
Lucélia;3527405;luceliense;CARLOS ANANIAS CAMPOS DE SOUZA JUNIOR;314.81;21886;63.17;99.4;0.752;5.85;445.939.814.699.999;19958.94
Lucianópolis;3527504;lucianopolense;HUMBERTO ZANINOTO MALDONADO;189.536;2403;11.85;99.1;0.733;35.71;1.290.607.153;20494.96
Luís Antônio;3527603;luís-antoniense;GABRIEL CARVALHAES ROSATTI;598.257;15292;18.85;99.4;0.731;26.6;6.072.143.339;94395.57
Luiziânia;3527702;luiziano;RICARDO MATHIAS BERTAGLIA;166.576;5855;30.2;92.8;0.702;17.54;15.679.586;12539.7
Lupércio;3527801;lupercense;ANEZIO KEMP;155.171;4596;28.18;94.5;0.724;45.45;1.609.420.027;15201.35
Lutécia;3527900;luteciano;EDUARDO GIROTTO;475.226;2636;5.71;93.7;0.72;23.26;1.480.229.419;34162.21
Macatuba;3528007;macatubense;MARCOS DONIZETI OLIVATTO;224.514;17214;72.19;99.3;0.77;15.63;6.245.457.101;35562.72
Macaubal;3528106;macaubalense;WANDERLEI MELHADO GUIZZI;248.087;8147;30.88;97.9;0.743;22.22;2.143.826.452;19851.42
Macedônia;3528205;macedoniense;LUCILENE CABREIRA GARCIA MARSOLA;327.567;3692;11.18;99.3;0.74;41.67;1.845.217.525;20349.57
Magda;3528304;magdense;VIVIANE APARECIDA CASELLI VITAL;312.282;3102;10.27;96.5;0.753;31.25;2.081.579.342;33459.05
Mairinque;3528403;mairinquense;OVÍDIO ALEXANDRE AZZINI;210.149;47441;205.53;96.9;0.743;11.9;15.435.679.392;36639.11
Mairiporã;3528502;mairiporense;ANTONIO SHIGUEYUKI AIACYDA;320.697;101937;252.44;98.1;0.788;8.77;21.709.097.814;17957.29
Manduri;3528601;mandurinense;PAULO ROBERTO MARTINS;229.046;9910;39.26;98.9;0.739;9.17;2.411.031.096;21570.24
Marabá Paulista;3528700;marabaense;MIGUEL DUARTE COSTA;919.519;5948;5.24;99;0.677;52.63;1.885.370.276;21499.29
Maracaí;3528809;maracaiense;EDUARDO CORREA SOTANA;533.498;14036;24.97;98.3;0.771;18.87;4.304.932.467;29700.8
Marapoama;3528858;marapoamense;MARCIO PERPETUO AUGUSTO;111.267;3064;23.66;99.4;0.752;30.3;1.547.483.459;58682.15
Mariápolis;3528908;mariapolense;VALDIR DANTAS DE FIGUEIREDO;186.544;4091;21.07;97.5;0.718;26.32;1.339.774.638;14864.67
Marília;3529005;mariliense;DANIEL ALONSO;1.170.515;240590;185.21;97.8;0.798;9.55;78.334.044.246;32816.72
Marinópolis;3529104;marinopolense;JOAQUIM VIEIRA PERES;77.827;2106;27.15;97.6;0.731;41.67;119.916.459;16162.96
Martinópolis;3529203;martinopolense;CRISTIANO MACEDO ENGEL;1.253.564;26628;19.33;98.1;0.721;18.52;6.977.048.191;17718.19
Matão;3529302;matonense;JOSÉ EDINARDO ESQUETINI;524.899;83626;146.3;97.7;0.773;7.9;22.280.023.445;46434
Mauá;3529401;mauaense;ATILA CESAR MONTEIRO JACOMUSSI;61.909;477552;6741.41;97.4;0.766;9.08;91.100.489.057;35251.59
Mendonça;3529500;mendoncino;ANTONINO CAETANO DE SOUZA;195.151;5565;23.79;98.1;0.744;15.15;2.655.865.451;45212.69
Meridiano;3529609;meridianense;ORIVALDO RIZZATO;228.199;3824;16.82;98.5;0.731;20;2.183.625.388;74451.94
Mesópolis;3529658;mesopolense;LEANDRO APARECIDO POLARINI;148.636;1905;12.67;100;0.724;38.46;1.484.939.683;29739.85
Miguelópolis;3529708;miguelopense;NAIM MIGUEL NETO;820.849;22355;24.88;98.6;0.741;7.43;7.558.194.914;51020.73
Mineiros do Tietê;3529807;mineirense;JOSÉ CARLOS VENDRAMINI;213.242;12966;56.45;98.3;0.73;22.39;3.057.789.194;14285.79
Miracatu;3529906;miracatuense;EZIGOMAR PESSOA JUNIOR;1.001.484;19643;20.56;97.1;0.697;30.1;6.391.542.351;21029.7
Mira Estrela;3530003;mira-estrelense;MARCIO HAMILTON CASTREQUINI BORGES;216.825;3106;13.01;97.2;0.743;41.67;1.848.832.167;21890.74
Mirandópolis;3530102;mirandopolense;REGINA CELIA MUSTAFA ARAUJO;917.694;29706;29.91;97.9;0.751;7.43;7.172.071.888;21014.68
Mirante do Paranapanema;3530201;mirantense;ATILA RAMIRO MENEZES DOURADO;1.238.931;18338;13.77;98.8;0.724;16.67;5.383.925.176;22740.12
Mirassol;3530300;mirassolense;ANDRE RICARDO VIEIRA;243.228;60303;221.1;93.5;0.762;6.93;15.043.915.365;33298.79
Mirassolândia;3530409;mirassolandense;JOÃO CARLOS FERNANDES;166.125;4919;25.85;96.9;0.738;18.87;1.506.145.421;23145.23
Mococa;3530508;mocoquense;FELIPE NIERO NAUFEL;855.156;68980;77.55;98.9;0.762;11.18;17.833.489.411;32298.34
Mogi das Cruzes;3530607;mogiano;MARCUS VINICIUS DE ALMEIDA E MELO;712.541;450785;544.12;97.7;0.783;9.46;145.029.140.855;33350.06
Mogi Guaçu;3530706;guaçuano;WALTER CAVEANHA;812.753;153033;168.99;97.9;0.774;11.17;45.503.822.182;37199.26
Mogi Mirim;3530805;mogi-miriano;CARLOS NELSON BUENO;497.708;93650;173.77;97.4;0.784;10.47;3.334.253.257;48253.07
Mombuca;3530904;mombucano;MARIA RUTH BELLANGA DE OLIVEIRA;133.698;3508;24.43;97.8;0.719;40.82;1.545.833.643;26772.52
Monções;3531001;monçolense;DOUGLAS ANTONIO HONORATO;104.352;2267;20.45;100;0.772;38.46;1.787.497.115;32664.28
Mongaguá;3531100;mongaguano;MARCIO MELO GOMES;143.205;57648;326;98.3;0.754;23.91;18.652.560.825;18173.41
Monte Alegre do Sul;3531209;monte-alegrense;EDSON RODRIGO DE OLIVEIRA CUNHA;110.308;8111;64.84;98.3;0.759;24.69;2.488.221.637;21162.58
Monte Alto;3531308;monte-altense;JOAO PAULO DE CAMARGO VICTORIO;346.95;50772;134.61;98.6;0.768;18.4;12.276.062.639;32468.71
Monte Aprazível;3531407;monte-aprazivelense;NELSON LUIZ ARANJUES MONTORO;495.559;25373;43.76;98.8;0.785;4.39;5.984.847.029;29700.73
Monte Azul Paulista;3531506;monte-azulense;MARCELO OTAVIANO DOS SANTOS;263.462;18968;71.86;98.6;0.753;8.7;6.687.012.515;29239.54
Monte Castelo;3531605;monte-castelense;JOSÉ NILTON DA SILVA;233.547;4166;17.47;98.2;0.741;25.64;1.806.772.349;24294.4
Monteiro Lobato;3531704;lobatense;DANIELA DE CÁSSIA SANTOS BRITO;332.742;4696;12.38;96.5;0.71;54.55;1.522.656.083;13315.23
Monte Mor;3531803;monte-morense;THIAGO GIATTI ASSIS;240.566;60754;203.61;97.2;0.733;12.96;18.879.801.223;50978.28
Morro Agudo;3531902;morro-agudense;GILBERTO CESAR BARBETI;1.388.127;33288;20.97;95.9;0.712;8.02;11.838.303.824;41246.43
Morungaba;3532009;morungabense;MARCO ANTONIO DE OLIVEIRA;146.752;13781;80.2;97.4;0.715;13.16;3.602.519.595;32111.63
Motuca;3532058;motuquense;JOÃO RICARDO FASCINELI;228.7;4795;18.76;95.4;0.741;29.41;1.660.073.756;18633.85
Murutinga do Sul;3532108;murutinguense;GILSON PIMENTEL;250.873;4506;16.69;96.4;0.726;22.73;1.725.901.202;13386.04
Nantes;3532157;nantense;CELSO DE SOUZA;286.647;3179;9.46;98.7;0.714;20.41;1.773.556.037;49339.26
Narandiba;3532207;narandibense;ITAMAR DOS SANTOS SILVA;357.325;4904;11.98;98.9;0.718;12.5;2.584.400.546;43174.22
Natividade da Serra;3532306;nativense;MARIA DE LOURDES DE OLIVEIRA CARVALHO;833.372;6642;8.01;98.8;0.655;12.2;2.380.902.274;10287.63
Nazaré Paulista;3532405;nazareano;CANDIDO MURILO PINHEIRO RAMOS;326.254;18698;50.31;96.9;0.678;9.3;5.296.456.192;18468.58
Neves Paulista;3532504;nevense;NILTON CESAR STUQUI;219.05;8923;40.18;99.7;0.754;32.61;2.578.179.133;24413.28
Nhandeara;3532603;nhandearense;JOSE ADALTO BORINI;436.159;11527;24.61;97.7;0.751;9.71;3.142.929.041;27900.72
Nipoã;3532702;nipoense;JOSE LOURENCO ALVES;137.609;5298;31.01;99.2;0.713;13.51;156.470.168;17491.13
Nova Aliança;3532801;nova-aliancense;AUGUSTO DONIZETTI FAJAN;217.515;7068;27.11;99.2;0.738;22.47;2.226.994.351;28298.63
Nova Campina;3532827;nova campinense;JUCEMARA FORTES DO NASCIMENTO;385.375;9860;22.1;99.7;0.651;14.39;2.423.346.827;24785.83
Nova Canaã Paulista;3532843;novacanaense;JOSE MARCOS ALVES;124.473;1852;16.99;98.8;0.715;50;1.257.109.646;18514.13
Nova Castilho;3532868;castilhense;JOÃO TAMBORLIN NETO;183.396;1278;6.14;100;0.756;76.92;1.311.345.443;32062.61
Nova Europa;3532900;nova-europense;LUIZ CARLOS DOS SANTOS;160.25;11355;58;100;0.765;8.33;3.164.312.851;28247.09
Nova Granada;3533007;granadense;TÂNIA LIANA TOLEDO YUGAR;531.796;21689;36.06;98.6;0.739;11.81;4.610.399.641;21792.12
Nova Guataporanga;3533106;guataporanguense;VAGNER ALVES DE LIMA;34.158;2325;63.81;99.3;0.726;166.67;125.989.717;12127.1
Nova Independência;3533205;independentino;THAUANA DA SILVA PEREIRA DUARTE;265.029;4053;11.54;98;0.735;19.23;22.616.214;35842.59
Novais;3533254;novaense;FABIO DONIZETE DA SILVA;117.772;5945;38.99;100;0.719;41.67;1.645.299.792;10870.43
Nova Luzitânia;3533304;luzitaniense;LAERTE APARECIDO ROCHA;73.816;4160;46.46;98.6;0.743;32.26;1.476.697.035;11763.82
Nova Odessa;3533403;novaodessense;BENJAMIM BILL VIEIRA DE SOUZA;73.788;60956;689.48;98.4;0.791;10.85;15.954.846.645;54529.18
Novo Horizonte;3533502;novo-horizontino;TOSHIO TOYOTA;931.743;41414;39.28;97.7;0.753;9.84;10.858.142.886;31540.98
Nuporanga;3533601;nuporanguense;ARISTIDES SILVA GOES;348.265;7478;19.57;97.8;0.746;24.39;3.400.459.141;71861.01
Ocauçu;3533700;ocauçuense;ALESANDRA COLOMBO MARANA;301.036;4291;13.86;97.7;0.717;14.08;1.519.034.513;28924.27
Óleo;3533809;oleense;RUBENS ESTEVES ROQUE;198.938;2471;13.49;98.9;0.73;37.04;1.253.571.264;34154.49
Olímpia;3533908;olimpiense;FERNANDO AUGUSTO CUNHA;802.555;55130;62.32;97.4;0.773;14.95;19.287.692.923;38350.45
Onda Verde;3534005;onda-verdense;FABRICIO PIRES DE CARVALHO;242.946;4422;16.03;98.7;0.738;16.95;2.121.726.279;28621.32
Oriente;3534104;orientense;CARLOS EDUARDO BOLDORINI MORIS;218.668;6542;27.89;97.2;0.77;13.33;1.691.737.038;15302.62
Orindiúva;3534203;orindiuvense;MAURICIO BRONCA;247.378;7194;22.87;99.3;0.767;24.69;3.371.930.236;65081.16
Orlândia;3534302;orlandino;OSWALDO RIBEIRO JUNQUEIRA NETO;291.765;44360;136.34;98.3;0.78;4.26;13.741.076.196;41133.95
Osasco;3534401;osasquense;ROGERIO LINS WANDERLEY;64.954;699944;10264.8;96;0.776;11.79;2.035.375.238;111637.85
Oscar Bressane;3534500;bressanense;LUIZ ANTONIO ROMANO;222.13;2603;11.46;96.7;0.749;43.48;1.412.958.953;32093.75
Osvaldo Cruz;3534609;osvaldo-cruzense;EDMAR CARLOS MAZUCATO;248.038;33000;124.47;97.6;0.762;12.2;705.011.321;26856.49
Ourinhos;3534708;ourinhense;LUCAS POCAY ALVES DA SILVA;295.818;114352;347.78;98.2;0.778;5.91;25.548.507.149;26827.36
Ouroeste;3534757;ouroestense;LIVIA LUANA COSTA OLIVEIRA;288.648;10539;29.1;99.7;0.77;8.4;605.338.188.599.999;44407.27
Ouro Verde;3534807;ouro-verdense;JOSÉ VALENTIM FERRARI;266.778;8620;29.15;97.3;0.692;10.2;2.278.532.283;13542.39
Pacaembu;3534906;pacaembuense;MACIEL DO CARMO COLPAS;339.375;14263;39.07;98.9;0.725;18.52;3.782.193.239;14235.14
Palestina;3535002;palestinense;FERNANDO LUIZ SEMEDO;697.701;13123;15.89;96.6;0.732;7.14;3.592.185.359;31790.78
Palmares Paulista;3535101;palmarense;LUPERCIO ANTONIO BUGANÇA JUNIOR;82.125;13486;133.14;98.2;0.722;14.29;2.482.058.274;9297.76
Palmeira d'Oeste;3535200;palmeirense;JOSE CESAR MONTANARI;318.74;9227;30.02;98.5;0.753;11.49;2.393.515.202;17830.11
Palmital;3535309;palmitalense;JOSE ROBERTO RONQUI;548.407;22272;38.67;97.2;0.746;19.16;7.059.461.925;31125.19
Panorama;3535408;panoramense;GIULIO CESAR LIMA PIRES;356.05;15862;40.93;95.8;0.722;17.86;4.226.469.893;17297.86
Paraguaçu Paulista;3535507;paraguaçuense;ALMIRA RIBAS GARMS;1.001.492;45945;42.22;99.4;0.762;13.49;13.927.728.116;27292.75
Paraibuna;3535606;paraibunense;VICTOR DE CASSIO MIRANDA;809.576;18263;21.48;97.2;0.719;4.72;5.615.149.568;15031.39
Paraíso;3535705;paraisense;WILSON FARID CASSEB;155.186;6496;37.85;99.1;0.749;12.82;2.523.523.892;36360.79
Paranapanema;3535804;paranapanemense;JOSÉ MARIA ALVES;1.018.724;20395;17.48;98.1;0.717;6.45;8.276.108.345;30088.71
Paranapuã;3535903;paranapuense;SERGIO ANTONIO POLARINI;140.354;4095;27.16;98.4;0.732;14.93;1.507.136.206;24348.78
Parapuã;3536000;parapuense;GILMAR MARTIN MARTINS;366.664;10949;29.65;98.9;0.737;10.75;3.004.581.067;32352.04
Pardinho;3536109;pardinhense;BENEDITO DA ROCHA CAMARGO JUNIOR;209.894;6508;26.59;98.3;0.727;37.38;2.880.340.729;45229.31
Pariquera-Açu;3536208;pariquerense;JOSE CARLOS SILVA PINTO;359.414;19723;51.34;97.1;0.736;6.47;427.937.438;26971.18
Parisi;3536257;parasiano;ROSINEI APARECIDA SILVESTRINI DOS SANTOS;84.737;2169;24.04;99.6;0.721;51.28;1.466.202.813;22703.83
Patrocínio Paulista;3536307;patrocinense;JOSÉ MAURO BARCELLOS;602.848;14807;21.56;97.8;0.73;19.51;4.691.510.802;62782.17
Paulicéia;3536406;pauliceiense;ERMES DA SILVA;374.091;7454;16.97;94;0.711;8.55;2.994.355.696;21172.08
Paulínia;3536505;paulinense;DIXON RONAN CARVALHO;138.777;112003;592.17;97.9;0.795;6.12;118.481.035.885;344847.17
Paulistânia;3536570;paulistaniense;PAULO AUGUSTO GRANCHI;256.178;1834;6.93;97.5;0.718;47.62;1.422.611.792;19819.09
Paulo de Faria;3536604;paulo-fariense;MARLON JOSE BERNARDES PEREIRA;737.986;8959;11.63;98.5;0.725;24.69;3.391.073.375;29179.05
Pederneiras;3536703;pederneirense;VICENTE JULIANO MINGUILI CANELADA;727.482;47111;56.92;98.3;0.739;9.42;11.779.819.984;37708.52
Pedra Bela;3536802;pedra-belense;ALVARO JESIEL DE LIMA;158.587;6110;36.45;95.8;0.677;14.49;188.082.233;13185.31
Pedranópolis;3536901;pedranopolense;MARCOS ADRIANO DA SILVA;260.101;2481;9.83;100;0.742;34.48;1.580.577.599;25089.75
Pedregulho;3537008;pedregulhense;DIRCEU POLO FILHO;712.604;16811;22.03;98.4;0.715;4.63;443.100.593;58474.19
Pedreira;3537107;pedreirense;HAMILTON BERNARDES JUNIOR;108.817;48463;382.7;98.1;0.769;6.24;12.470.724.961;24218.51
Pedrinhas Paulista;3537156;pedrinhense;SERGIO FORNASIER;152.309;3101;19.28;97.3;0.774;37.04;1.696.378.292;48852.89
Pedro de Toledo;3537206;toledense;ELEAZAR MUNIZ JUNIOR;670.44;11421;15.22;99.3;0.696;25.42;3.102.067.674;13585.02
Penápolis;3537305;penapolitano;CELIO JOSE DE OLIVEIRA;711.315;63757;82.31;98.7;0.759;13.17;16.209.610.449;25186.01
Pereira Barreto;3537404;pereira-barretense;JOAO DE ALTAYR DOMINGUES;974.247;25677;25.5;98.1;0.766;3.83;8.271.309.802;31701.06
Pereiras;3537503;pereirense;MIGUEL TOMAZELA;223.136;8773;33.38;96.8;0.736;19.05;2.347.577.323;23545.84
Peruíbe;3537602;peruibense;LUIZ MAURÍCIO PASSOS DE CARVALHO PEREIRA;326.216;69001;184.4;98.6;0.749;17.26;22.494.907.246;20231.8
Piacatu;3537701;piacatuense;EUCLASIO GARRUTTI;232.488;6038;22.75;97.5;0.732;61.54;1.923.673.174;16393.58
Piedade;3537800;piedadense;JOSÉ TADEU DE RESENDE;746.868;55542;69.82;95.6;0.716;13.68;11.029.826.169;22104.36
Pilar do Sul;3537909;pilarense;ANTONIO JOSE PEREIRA;681.248;29402;38.77;93.8;0.69;18.04;6.526.658.378;22309.48
Pindamonhangaba;3538006;pindamonhangabense;ISAEL DOMINGUES;730.209;170132;201.39;98.2;0.773;13.84;3.985.650.337;42704.21
Pindorama;3538105;pindoramense;MARIA INÊS BERTINO MIYADA;184.825;17216;81.37;97.5;0.737;6.29;4.131.001.861;17733.18
Pinhalzinho;3538204;pinhalzinhense;BENEDITO LAURO DE LIMA;154.529;15388;84.81;97.8;0.725;13.33;3.375.481.331;16952.25
Piquerobi;3538303;piquerobiense;VALDIR APARECIDO LOPES;482.769;3699;7.33;99.4;0.711;52.63;1.569.345.974;14679.15
Piquete;3538501;piquetense;ANA MARIA DE GOUVÊA;175.996;13575;80.16;98.8;0.757;19.48;2.543.765.315;10963.52
Piracaia;3538600;piracaiense;JOSE SILVINO CINTRA;385.568;27462;65.15;98;0.739;2.74;7.059.298.437;17636.43
Piracicaba;3538709;piracicabano;BARJAS NEGRI;1.378.069;407252;264.47;97.5;0.785;8.98;152.917.760.687;55111.15
Piraju;3538808;pirajuense;JOSE MARIA COSTA;504.591;29869;56.44;98.3;0.758;7.81;8.033.940.458;23505.7
Pirajuí;3538907;pirajuiense;CESAR HENRIQUE DA CUNHA FIALA;823.758;25719;27.55;97.3;0.749;14.65;5.550.857.773;18034.04
Pirangi;3539004;piranginense;LUIZ CARLOS DE MORAES;215.809;11471;49.3;97.8;0.756;15.5;2.958.445.405;26161.21
Pirapora do Bom Jesus;3539103;piraporense;GREGÓRIO RODRIGUES PONTES MAGLIO;108.489;19178;144.98;97.5;0.727;15.09;538.756.971;21798.12
Pirapozinho;3539202;pirapozense;ORLANDO PADOVAN;477.673;27754;51.66;98.8;0.776;17.86;6.625.808.534;35603.9
Pirassununga;3539301;pirassununguense;ADEMIR ALVES LINDO;727.118;76877;96.38;98.2;0.801;13.68;21.399.723.691;34524.48
Piratininga;3539400;piratiningano;CARLOS ALESSANDRO FRANCO BORRO DE MATOS;402.409;13765;30;98.4;0.779;11.3;3.660.663.632;16317.28
Pitangueiras;3539509;pitangueirense;MARCOS AURÉLIO SORIANO;430.638;40080;81.99;99;0.723;8.42;10.347.789.997;30432.76
Planalto;3539608;planaltense;ADEMAR ADRIANO DE OLIVEIRA;289.825;5304;15.38;99.2;0.719;33.9;2.254.537.217;43493.17
Platina;3539707;platinense;WAGNER ROBERTO DE LIMA;327.48;3578;9.77;98.5;0.719;21.74;1.615.193.922;26033.76
Poá;3539806;poaense;GIANCARLO LOPES DA SILVA;17.264;118349;6141.05;97.6;0.771;18.19;3.945.058.237;36511.34
Poloni;3539905;poloniense;ANTONIO JOSE PASSOS;135.12;6113;40.4;99.5;0.766;14.49;194.140.428;24254.28
Pompéia;3540002;pompeiano;ISABEL CRISTINA ESCORCE JANUÁRIO;784.674;22172;25.46;98.6;0.786;19.23;7.394.540.026;38105.48
Pongaí;3540101;pongaiense;ADILSON BRUMATI;183.399;3400;18.99;97.4;0.755;33.33;1.546.844.883;21916.56
Pontal;3540200;pontalense;ANDRE LUIS CARNEIRO;356.371;50852;112.94;94.5;0.725;5.36;9.150.481.147;25478.32
Pontalinda;3540259;pantalindense;ELVIS CARLOS DE SOUSA;209.525;4674;19.38;98.3;0.702;54.55;1.865.277.949;18724.91
Pontes Gestal;3540309;pontes-gestalense;NATANAEL BORGES DOS SANTOS;217.505;2577;11.58;97.8;0.732;29.41;2.241.752.102;58746.11
Populina;3540408;populinense;ADAUTO PINTO;315.938;4152;13.37;99.6;0.714;25;2.175.022.199;23201.35
Porangaba;3540507;porangabense;LUIZ CARLOS VIEIRA SOBRINHO;265.689;10067;31.34;94.7;0.703;20.2;2.403.870.298;19146.57
Porto Feliz;3540606;porto-felicense;ANTONIO CASSIO HABICE PRADO;556.706;53402;87.83;98.2;0.758;9.47;20.734.370.731;36690.02
Porto Ferreira;3540705;ferreirense;RÔMULO LUÍS DE LIMA RIPA;244.906;56504;209.88;98.1;0.751;5.36;15.862.332.425;35629.57
Potim;3540754;potinense;ERICA SOLER SANTOS DE OLIVEIRA;44.468;25130;436.2;99.3;0.697;23.81;4.049.958.409;9687.2
Potirendaba;3540804;potirendabano;FLAVIO DANIEL ALVES;342.492;17516;45.12;98;0.747;4.61;5.652.412.938;31267.11
Pracinha;3540853;pracinhense;MAURILEI APARECIDO DIAS DA SILVA;63.054;4212;45.48;100;0.696;-;1.083.880.943;7485.94
Pradópolis;3540903;pradopolense;SILVIO MARTINS;167.378;21873;103.82;96.3;0.733;4.41;5.791.505.729;40953.77
Praia Grande;3541000;praia-grandense;ALBERTO PEREIRA MOURÃO;149.253;330845;1781.87;96.9;0.754;13.83;128.266.266.264;21574.5
Pratânia;3541059;pratino;DAVI PIRES BATISTA;175.1;5317;26.26;97.7;0.701;14.71;1.842.579.704;21916.56
Presidente Alves;3541109;alvense;VALDEIR DOS REIS;286.642;4080;14.36;98.9;0.735;16.13;1.399.772.865;15233.86
Presidente Bernardes;3541208;bernardense;LUCCAS INAGUE RODRIGUES;749.233;13023;18.12;98.5;0.757;30.3;3.935.506.732;18921.16
Presidente Epitácio;3541307;epitaciano;CASSIA REGINA ZAFFANI FURLAN;1.260.281;44389;32.79;98.8;0.75;11.21;8.747.982.225;19432.67
Presidente Prudente;3541406;prudentino;NELSON ROBERTO BUGALHO;560.637;230371;368.89;97.8;0.806;10.2;64.655.234.024;34655.21
Presidente Venceslau;3541505;venceslauense;JORGE DURAN GONÇALEZ;755.203;39583;50.1;98.6;0.763;7.08;11.761.184.149;18255.45
Promissão;3541604;promissense;ARTUR MANOEL NOGUEIRA FRANCO;779.2;40828;45.78;96.7;0.743;16.55;9.670.177.294;46224.65
Quadra;3541653;quadrense;LUIZ CARLOS PEREIRA;205.672;3854;15.73;98.3;0.678;19.23;1.842.621.274;24157.62
Quatá;3541703;quataense;MARCELO DE SOUZA PECCHIO;651.341;14210;19.68;98.7;0.738;6.71;4.418.177.808;32962.28
Queiroz;3541802;queirozense;ANA VIRTUDES MIRON SOLER;234.914;3460;12.01;98.1;0.715;19.61;1.908.298.897;112903.88
Queluz;3541901;queluzense;LAURINDO JOAQUIM DA SILVA GARCEZ;249.399;13606;45.27;98;0.722;9.01;3.367.443.423;25107.37
Quintana;3542008;quintanense;JOSÉ NILTON DOS SANTOS;318.937;6688;18.79;98.1;0.732;23.53;2.232.100.397;24080.77
Rafard;3542107;rafardense;ILSON DONIZETE MAIA;121.645;9101;70.8;98.3;0.745;9.26;3.469.974.755;36010.94
Rancharia;3542206;ranchariense;ALBERTO CESAR CENTEIO DE ARAUJO;1.587.498;29726;18.14;97.5;0.751;22.96;8.519.820.751;44388.59
Redenção da Serra;3542305;rendencense;RICARDO EVANGELISTA LOBATO;309.441;3839;12.52;95.2;0.657;20;1.577.990.827;14593.53
Regente Feijó;3542404;regentense;MARCO ANTONIO PEREIRA DA ROCHA;263.28;20394;69.77;98.8;0.768;4.03;5.764.713.876;32820.69
Reginópolis;3542503;reginopolitano;CAROLINA ARAÚJO DE SOUSA VERÍSSIMO;410.406;9837;17.83;98.8;0.728;15.38;2.158.924.047;16273.37
Registro;3542602;registrense;GILSON WAGNER FANTIN;722.201;56393;75.11;97.3;0.754;6.31;16.356.212.876;34572.53
Restinga;3542701;restinguense;AMARILDO TOMAS DO NASCIMENTO;245.746;7679;26.8;98.6;0.705;17.54;2.447.316.489;22554.6
Ribeira;3542800;ribeirense;JONAS DIAS BATISTA;335.759;3330;10;97;0.698;63.83;1.501.425.486;13953.9
Ribeirão Bonito;3542909;ribeirão-bonitense;FRANCISCO JOSE CAMPANER;471.553;13299;25.73;98.7;0.712;14.18;3.354.051.695;20914.86
Ribeirão Branco;3543006;ribeirão-branquense;MAURO JOSÉ TEIXEIRA;697.5;16211;26.19;97.5;0.639;33.71;3.896.385.758;22085.84
Ribeirão Corrente;3543105;ribeirão-correntense;ANTONIO MIGUEL SERAFIM;148.332;4752;28.81;100;0.711;30.3;1.957.753.411;18701.75
Ribeirão do Sul;3543204;ribeirão-sulense;ELIANA MARIA RORATO MANSO;203.208;4539;21.83;99;0.747;22.22;1.892.958.248;31053.11
Ribeirão dos Índios;3543238;ribeirindio;JOSÉ AMAURI LENZONI;196.446;2224;11.14;98.6;0.721;45.45;1.254.409.571;16817.93
Ribeirão Grande;3543253;ribeirão grandense;ELIANA DOS SANTOS SILVA;333.363;7679;22.26;96.8;0.705;11.49;2.467.096.158;38485.65
Ribeirão Pires;3543303;ribeirão-pirense;ADLER ALFREDO JARDIM TEIXEIRA;99.075;124159;1140.73;97.4;0.784;9.15;27.371.116.042;25002.17
Ribeirão Preto;3543402;ribeirão-pretano;ANTONIO DUARTE NOGUEIRA JUNIOR;650.916;711825;928.92;96.9;0.8;9.19;249.764.250.729;51759.84
Riversul;3543501;riversulense;JOSÉ GUILHERME GOMES;385.878;5443;15.96;95.9;0.664;15.87;1.803.281.346;11204.04
Rifaina;3543600;rifainense;HUGO CESAR LOURENÇO;162.508;3640;21.14;99.2;0.74;23.26;2.780.257.514;30891.69
Rincão;3543709;rinconense;EDSON BRITO BOLITO;316.639;10812;32.96;98.2;0.734;7.75;2.917.087.756;19751.06
Rinópolis;3543808;rinopolense;JOSE FERREIRA DE OLIVEIRA NETO;358.481;9961;27.73;98.6;0.723;28.57;2.576.917.976;23968.34
Rio Claro;3543907;rio-clarense;JOAO TEIXEIRA JUNIOR;498.422;208008;373.69;98.2;0.803;11.81;73.241.203.469;46406.99
Rio das Pedras;3544004;rio-pedrense;ANTONIO CARLOS DEFAVARI;226.657;35738;130.16;98.4;0.759;5.15;9.462.713.742;35189.43
Rio Grande da Serra;3544103;riogranserrense ou serrano ou riogransense;LUIS GABRIEL FERNANDES DA SILVEIRA;36.341;51436;1210.04;98.2;0.749;8;7.289.705.085;12365.16
Riolândia;3544202;riolandense;FABIANA BARCELOS FERREIRA;631.897;12689;16.7;96.7;0.703;9.09;3.488.575.768;18728.6
Rosana;3544251;rosanense;SILVIO GABRIEL;744.011;16281;26.51;98.1;0.764;13.04;8.095.572.407;70531.04
Roseira;3544301;roseirense;JONAS POLYDORO;130.654;10801;73.47;98.7;0.737;37.59;3.001.964.446;26969.85
Rubiácea;3544400;rubiacense;LENIRA MARIA SILVA DE NOVAIS;236.484;3162;11.52;99.5;0.721;28.57;1.322.927.953;20359.91
Rubinéia;3544509;rubineiense;APARECIDO GOULART;242.877;3170;11.78;100;0.759;43.48;2.009.432.874;26297.1
Sabino;3544608;sabinense;EDER RUIZ MAGALHAES DE ANDRADE;305.285;5614;16.78;97.2;0.728;17.86;2.100.327.135;21285.04
Sagres;3544707;sagrense;RICARDO RIVED GARCIA;147.935;2430;16.2;99.2;0.73;38.46;115.076.192;17651.47
Sales;3544806;salense;GENIVALDO DE BRITO CHAVES;308.555;6407;17.67;100;0.751;17.24;2.715.044.214;23167.99
Sales Oliveira;3544905;salense;EDMAR DUARTE GOMIERO;305.776;11998;34.58;98.8;0.772;7.52;3.653.791.764;30865.62
Salesópolis;3545001;salesopolense;VANDERLON OLIVEIRA GOMES;424.997;17252;36.79;98.4;0.732;5.32;3.824.498.838;11869
Salmourão;3545100;salmourense;AILSON JOSE DE ALMEIDA;172.934;5337;27.96;98.3;0.719;27.03;145.034.334;13585.47
Saltinho;3545159;saltinhense;CARLOS ALBERTO LISI;99.738;8393;70.78;96.8;0.791;21.51;2.464.291.731;29231.2
Salto;3545209;saltense;JOSE GERALDO GARCIA;133.057;119736;792.13;98.4;0.78;7.73;3.222.559.574;59118.2
Salto de Pirapora;3545308;saltense;JOEL DAVID HADDAD;280.509;45860;143.02;98.6;0.729;12.94;119.093.116;36783.17
Salto Grande;3545407;salto-grandense;JOÃO CARLOS RIBEIRO;188.441;9364;46.64;96.5;0.704;9.17;2.633.254.072;22588.75
Sandovalina;3545506;sandovalino ou sandovalinense;AMANDA LIMA DE OLIVEIRA;455.856;4354;8.13;98.2;0.709;18.87;2.594.594.712;95062.51
Santa Adélia;3545605;santa-adeliense;GUILHERME COLOMBO DA SILVA;330.269;15561;43.32;100;0.76;10.93;4.128.203.322;21085.42
Santa Albertina;3545704;santa-albertinense;VANDERCI NOVELLI;272.692;6022;20.98;98.8;0.728;46.15;2.566.663.718;32341.25
Santa Bárbara d'Oeste;3545803;barbarense;DENIS EDUARDO ANDIA;271.03;194390;664.49;98.4;0.781;9.95;50.826.275.516;28635.77
Santa Branca;3546009;santa-branquense;CELSO SIMÃO LEITE;272.238;14857;50.56;98.8;0.735;48.78;4.300.441.533;16811.09
Santa Clara d'Oeste;3546108;santa-clarense;WAIR JACINTO ZAPELÃO;183.458;2113;11.36;98.5;0.733;48.78;1.531.284.899;31470.7
Santa Cruz da Conceição;3546207;santa-cruzense;PATRICIA CAPODIFOGLIO LANDGRAF;150.13;4544;26.66;99.6;0.79;30.3;2.175.271.564;26735.94
Santa Cruz da Esperança;3546256;santacruzense;DIMAR DE BRITO;148.062;2153;13.19;86.2;0.743;66.67;1.468.003.002;26352.5
Santa Cruz das Palmeiras;3546306;palmeirense;JOSÉ CRECENTINO BUSSAGLIA;295.337;34737;101.35;97.3;0.728;12.69;7.508.550.382;15002.54
Santa Cruz do Rio Pardo;3546405;santa-cruzense;OTACILIO PARRAS ASSIS;1.114.747;47943;39.44;96.3;0.762;9.04;14.003.527.044;43319.09
Santa Ernestina;3546504;santa-ernestinense;MARCELO APARECIDO VERONEZI;134.421;5588;41.42;99.2;0.738;16.95;1.714.222.391;16260.61
Santa Fé do Sul;3546603;santa-fé-sulense;ADEMIR MASCHIO;206.537;32563;141.81;97.9;0.784;6.9;14.327.066.428;31876.28
Santa Gertrudes;3546702;santa-gertrudense;ROGERIO PASCON;98.291;27381;220.1;98.3;0.737;3.16;9.570.211.402;61314.55
Santa Isabel;3546801;isabelense;FÁBIA DA SILVA PORTO ROSSETTI;363.332;57966;138.87;97.8;0.738;9.75;13.902.052.821;24165.96
Santa Lúcia;3546900;santa-luciense;LUIZ ANTONIO NOLI;154.033;8854;53.55;98.6;0.737;20.2;1.796.846.151;14542.29
Santa Maria da Serra;3547007;serrense;NARCISO BENEDITO BISTAFA;252.621;6236;21.43;97.5;0.686;12.35;1.858.887.639;21028.36
Santa Mercedes;3547106;mercedense;MANOEL DONIZETE DE OLIVEIRA;166.753;2943;16.96;98.8;0.739;27.03;1.355.866.328;26205.46
Santana da Ponte Pensa;3547205;santanense-da-ponte-pensa;JOSÉ APARECIDO DE MELO;129.888;1467;12.6;100;0.773;111.11;1.113.800.382;22221.48
Santana de Parnaíba;3547304;parnaibano;ELVIS LEONARDO CEZAR;179.949;142301;604.74;97.3;0.814;8.32;6.943.226.095;65083.16
Santa Rita d'Oeste;3547403;santa-ritense;ALAOR PASIAN;209.8;2487;12.1;100;0.761;52.63;1.555.707.891;22250.51
Santa Rita do Passa Quatro;3547502;santa-ritense;LEANDRO LUCIANO DOS SANTOS;754.141;27600;35.11;97.8;0.775;20.16;7.946.384.533;23239.54
Santa Rosa de Viterbo;3547601;santa-rosense;LUIS FERNANDO GASPERINI;288.576;26753;82.69;97.9;0.77;8.2;6.103.555.143;29492.87
Santa Salete;3547650;saletense;JEDER FABIANO SANTIAGO SOUZA;79.192;1552;18.23;100;0.772;-;1.288.079.665;21909.51
Santo Anastácio;3547700;anastaciano;ROBERTO VOLPE;552.876;20866;37.06;98.5;0.753;22.83;4.406.392.075;20082.06
Santo André;3547809;andreense;PAULO HENRIQUE PINTO SERRA;175.782;721368;3848.01;97.4;0.815;7.59;230.185.231.093;38408.12
Santo Antônio da Alegria;3547908;alegriense;JOÃO BAPTISTA MATEUS DE LIMA;310.311;6977;20.32;97.5;0.702;25.64;2.201.369.989;21278.13
Santo Antônio de Posse;3548005;possense;NORBERTO DE OLIVERIO JUNIOR;154.133;23529;134.09;97.3;0.702;15.27;7.699.472.169;45783.3
Santo Antônio do Aracanguá;3548054;aracanguaense;RODRIGO APARECIDO SANTANA RODRIGUES;1.308.432;8481;5.83;98.9;0.757;29.13;4.116.792.738;25933.29
Santo Antônio do Jardim;3548104;jardinense;GILMAR DE OLIVEIRA PEZOTTI;109.956;5940;54.05;97;0.714;39.22;1.622.615.253;22749.99
Santo Antônio do Pinhal;3548203;pinhalense;CLODOMIRO CORREIA DE TOLEDO JUNIOR;133.008;6827;48.76;98.3;0.706;21.51;2.484.380.549;15246.65
Santo Expedito;3548302;expeditense;IVANDECI JOSÉ CABRAL;94.465;3135;29.68;99.1;0.732;30.3;116.784.444;12463.29
Santópolis do Aguapeí;3548401;santopolitano;HAROLDO ALVES PIO;128.026;4817;33.44;98.6;0.74;16.95;1.449.899.071;12975.63
Santos;3548500;santista;PAULO ALEXANDRE PEREIRA BARBOSA;281.033;433656;1494.26;98.2;0.84;9.02;2.489.780.313;51829.99
São Bento do Sapucaí;3548609;são-bentista;RONALDO RIVELINO VENÂNCIO;252.579;10893;41.37;98.5;0.72;8.2;2.964.338.366;18007.82
São Bernardo do Campo;3548708;são-bernardense;ORLANDO MORANDO JUNIOR;409.532;844483;1869.36;97.6;0.805;9.29;357.482.853.686;53998.54
São Caetano do Sul;3548807;sul-caetanense;JOSE AURICCHIO JUNIOR;15.331;161957;9736.03;97.4;0.862;6.54;115.817.091.112;82119.69
São Carlos;3548906;são-carlense;AIRTON GARCIA FERREIRA;1.136.907;254484;195.15;97.9;0.805;7.74;71.903.629.493;42568.73
São Francisco;3549003;são-francisquense;MAURICIO HONORIO DE CARVALHO;75.579;2817;36.94;100;0.723;51.28;1.437.734.253;16836.96
São João da Boa Vista;3549102;são-joanense;VANDERLEI BORGES DE CARVALHO;516.399;91771;161.96;97.2;0.797;15.97;31.394.732.844;32449.24
São João das Duas Pontes;3549201;são-joanense;JOSÉ CARLOS BARUCI;129.462;2561;19.84;99.4;0.72;33.33;136.876.726;16159.83
São João de Iracema;3549250;iracemense;LUCIANA DIAS RODRIGUES;178.396;1932;9.97;98.1;0.748;153.85;1.481.882.878;18311.12
São João do Pau d'Alho;3549300;são-joanense;FERNANDO BARBERINO;117.665;2100;17.86;99.2;0.75;43.48;1.226.472.769;25857.96
São Joaquim da Barra;3549409;joaquinense;MARCELO DE PAULA MIAN;410.863;52319;113.28;96.7;0.762;8.53;11.725.073.056;30118.29
São José da Bela Vista;3549508;bela-vistense;PAULO CÉSAR LOPES DO NASCIMENTO;276.952;8960;30.35;97.9;0.693;21.28;2.692.364.328;18123.9
São José do Barreiro;3549607;barreirense;ALEXANDRE DE SIQUEIRA BRAGA;570.685;4144;7.14;95.5;0.684;24.39;1.763.631.202;11226.65
São José do Rio Pardo;3549706;rio-pardense;ERNANI CHRISTOVAM VASCONCELLOS;419.684;55124;123.81;97.6;0.774;5.67;16.263.164.764;31557.36
São José do Rio Preto;3549805;rio-pretense;EDSON EDINHO COELHO ARAÚJO;431.944;464983;945.12;98;0.797;8.42;148.508.901.712;36599.83
São José dos Campos;3549904;joseense;FELÍCIO RAMUTH;1.099.409;729737;572.96;97.4;0.807;9.34;243.945.695.088;56638.69
São Lourenço da Serra;3549953;são-lourensano;ARY ANTONIO DESPEZZIO CINTRA;186.456;15978;74.99;97.2;0.728;4.95;3.717.015.235;13369.02
São Luiz do Paraitinga;3550001;luizense;ANA LUCIA BILARD SICHERLE;617.315;10690;16.84;100;0.697;8.26;3.233.016.485;16095.76
São Manuel;3550100;são-manuelense;RICARDO SALARO NETO;650.734;41123;58.92;97.3;0.744;9.54;1.142.406.622;27148.2
São Miguel Arcanjo;3550209;são-miguelense;PAULO RICARDO DA SILVA;930.339;33002;33.8;95.9;0.71;14.22;7.310.570.149;20551.9
São Paulo;3550308;paulistano;BRUNO COVAS LOPES;1521.11;12325232;7398.26;96;0.805;11.19;5.141.402.907.708;57759.39
São Pedro;3550407;são-pedrense;HELIO DONIZETE ZANATTA;611.278;35980;51.98;94.8;0.755;4.68;10.885.813.408;21245.9
São Pedro do Turvo;3550506;são-pedrense;MARCO AURELIO OLIVEIRA PINHEIRO;731.221;7696;9.84;97.4;0.703;23.26;2.589.361.321;26587.16
São Roque;3550605;são-roquense;CLAUDIO JOSÉ DE GÓES;306.908;92060;256.82;97.6;0.768;13.65;23.847.189.096;30797.77
São Sebastião;3550704;sebastianense;FELIPE AUGUSTO;402.395;90328;185;98.2;0.772;7.75;64.159.319.352;31695.7
São Sebastião da Grama;3550803;gramense;RICARDO RIBEIRO FLORIDO;252.41;12159;47.94;98.3;0.701;19.05;3.036.808.808;26529.1
São Simão;3550902;simonense;MARCOS DANIEL BONAGAMBA;617.252;15385;23.24;99.8;0.766;15.04;4.886.635.085;30588.33
São Vicente;3551009;vicentino;PEDRO LUIS DE FREITAS GOUVÊA JÚNIOR;148.1;368355;2247.88;96.7;0.768;16.1;89.572.104.015;14441.16
Sarapuí;3551108;sarapuiano;WELLIGTON MACHADO DE MORAES;352.592;10390;25.6;99;0.707;8.47;2.639.332.905;14976.54
Sarutaiá;3551207;sarutaiano;ISNAR FRESCHI SOARES;141.608;3630;25.58;98.7;0.688;17.24;1.311.647.751;17598.52
Sebastianópolis do Sul;3551306;sebastianopolense;MANOEL ERANI LEITE MAGALHÃES;167.848;3554;18.03;99;0.773;48.78;1.881.318.047;91322.46
Serra Azul;3551405;serra-azulense;AUGUSTO FRASSETTO NETO;283.144;14981;39.75;96.9;0.686;7.41;2.632.356.501;11955.52
Serrana;3551504;serranense;VALERIO ANTONIO GALANTE;126.046;45644;308.44;97.5;0.729;7.85;12.413.069.363;21491.54
Serra Negra;3551603;serrano;SIDNEY ANTONIO FERRARESSO;203.734;29452;129.52;97.8;0.767;12.31;9.309.180.207;25080.39
Sertãozinho;3551702;sertanezino;JOSÉ ALBERTO GIMENEZ;403.089;127142;273.22;98.5;0.761;15.19;43.647.244.101;43728.51
Sete Barras;3551801;barrense;DEAN ALVES MARTINS;1.062.699;12780;12.24;96.1;0.673;4.95;3.669.815.678;31583.95
Severínia;3551900;severinense;CELSO DA SILVA;140.46;17661;110.38;96;0.715;16.22;5.337.290.145;13667.33
Silveiras;3552007;silveirense;GUILHERME CARVALHO DA SILVA;414.782;6339;13.96;98.2;0.678;14.29;2.142.088.003;10815.68
Socorro;3552106;socorrense;ANDRÉ EDUARDO BOZOLA DE SOUZA PINTO;449.029;41352;81.7;97.7;0.729;12.08;9.475.396.146;20460.78
Sorocaba;3552205;sorocabano;JOSÉ CRESPO;450.382;687357;1304.18;98.1;0.798;9.71;241.115.068.528;48271.34
Sud Mennucci;3552304;sud-mennucciano;JULIO CESAR GOMES;594.744;7728;12.57;98.3;0.747;9.43;3.483.406.856;23184.11
Sumaré;3552403;sumareense;LUIZ ALFREDO CASTRO RUZZA DALBEN;153.465;286211;1572.04;97.7;0.762;8.88;59.415.462.105;50345.14
Suzano;3552502;suzanense;RODRIGO KENJI DE SOUZA ASHIUCHI;206.236;300559;1272.93;96.7;0.765;10.75;60.056.875.131;37009.04
Suzanápolis;3552551;suzanapolense;ANTONIO ALCINO VIDOTTI;330.587;4014;10.24;99.8;0.699;27.03;2.302.492.817;67940.53
Tabapuã;3552601;tabapuãnense;MARIA FELICIDADE PERES CAMPOS ARROYO;345.792;12485;32.88;98.4;0.735;17.86;3.420.520.659;19749.6
Tabatinga;3552700;tabatinguense;EDUARDO PONQUIO MARTINEZ;368.604;16644;39.74;96.5;0.704;14.15;3.600.723.217;17217.96
Taboão da Serra;3552809;taboense;FERNANDO FERNANDES FILHO;20.388;293652;11994.31;96.9;0.769;13.3;68.760.938.547;31626.65
Taciba;3552908;tacibense;ALAIR ANTONIO BATISTA;607.267;6329;9.41;99.3;0.723;12.35;3.417.234.895;24555.73
Taguaí;3553005;taguaíno;JAIR CARIOVALDO CARNIATO;145.332;14141;74.51;97.3;0.709;21.62;3.144.380.012;17218.27
Taiaçu;3553104;taiaçuense;SUELI APARECIDA MENDES BIANCARDI;107.059;6320;55.27;97.8;0.71;37.04;1.852.071.058;14800.85
Taiúva;3553203;taiuvense;FRANCISCO SERGIO CLAPIS;132.459;5564;41.12;97.8;0.76;34.48;1.911.440.334;20716.21
Tambaú;3553302;tambauense;RONI DONIZETI ASTORFO;561.788;23232;39.88;97.7;0.731;13.2;7.003.354.986;22974.12
Tanabi;3553401;tanabiense;NORAIR CASSIANO DA SILVEIRA;747.218;26101;32.25;99;0.748;4.02;6.488.793.619;36483.91
Tapiraí;3553500;tapiraiense;ALVINO GUILHERME MARZEUSKI;755.1;7766;10.61;98.3;0.681;33.71;2.254.915.523;18272.43
Tapiratiba;3553609;tapiratibense;LUIZ ANTONIO PERES;221.891;12950;57.23;98.2;0.751;6.94;3.638.266.474;24974.67
Taquaral;3553658;taquaralense;LAÉRCIO VICENTE SCARAMAL;53.892;2813;50.58;98.2;0.759;31.25;1.332.540.252;13472.17
Taquaritinga;3553708;taquaritinguense;VANDERLEI JOSÉ MARSICO;594.335;57364;90.95;98.2;0.748;11.01;17.250.013.688;25795.88
Taquarituba;3553807;taquaritubense;JOSE CLOVIS DE ALMEIDA;448.515;23256;49.71;97.8;0.701;17.36;6.714.529.949;27996.22
Taquarivaí;3553856;taquarivaiense;MARIA SEBASTIANA CECÉ CARDOSO PRIOSTI;231.792;5911;22.22;99.4;0.679;10.53;2.177.357.811;42467.23
Tarabai;3553906;tarabaíno;JOSE ROQUE DA SILVA LIRA;201.385;7540;32.78;99.2;0.726;10.42;2.100.502.729;14869.7
Tarumã;3553955;tarumaense;OSCAR GOZZI;302.913;15183;42.5;99;0.753;14.35;5.273.548.111;61201.45
Tatuí;3554003;tatuiano;MARIA JOSE PINTO VIEIRA DE CAMARGO;523.749;122967;205.03;97.6;0.752;12.99;29.401.376.822;32295.15
Taubaté;3554102;taubateano;JOSE BERNARDO ORTIZ MONTEIRO JUNIOR;625.003;317915;445.98;98.1;0.8;12.53;108.850.718.946;54552.88
Tejupá;3554201;tejupaense;PEDRO BERGAMO NETO;296.189;4491;16.23;98.4;0.668;16.39;1.702.499.747;19600.21
Teodoro Sampaio;3554300;teodorense;AILTON CESAR HERLING;1.555.803;23273;13.74;97.1;0.741;14.08;6.584.112.864;20912.21
Terra Roxa;3554409;terra-roxense;MARCELINO ABBES FILHO;221.541;9437;38.39;98.9;0.749;10.31;2.372.592.671;15994.36
Tietê;3554508;tieteense;VLAMIR DE JESUS SANDEI;404.396;42517;91.09;97.1;0.778;9.42;13.382.402.054;42411.28
Timburi;3554607;timburiense;PAULO CESAR MINOZZI;196.79;2652;13.45;99.7;0.71;47.62;1.564.012.207;17746.37
Torre de Pedra;3554656;torrepedrense;EMERSON JOSE DA MOTA;71.348;2422;31.59;98.4;0.714;40;118.465.287;11634.39
Torrinha;3554706;torrinhense;RONALDO GASPARELO;315.267;10056;29.59;96.4;0.744;19.42;220.238.828;21475.18
Trabiju;3554755;trabijuense;MAURILIO TAVONI JUNIOR;63.421;1738;24.35;98.4;0.722;142.86;1.094.536.461;25550.7
Tremembé;3554805;tremembeense;MARCELO VAQUELI;191.094;47714;214.17;97.8;0.785;11.95;11.371.491.882;16743.77
Três Fronteiras;3554904;trifonteirano;RUBENS JOSE BELAO;151.594;5832;35.9;98.8;0.753;12.5;1.719.962.123;18648.54
Tuiuti;3554953;tuiutiense;JAIR FERNANDES GONÇALVES;126.731;6977;46.8;97.3;0.728;18.87;1.814.940.958;12857.23
Tupã;3555000;tupãense;JOSE RICARDO RAYMUNDO;627.986;65570;100.99;97.3;0.771;15.03;14.530.654.681;26771.08
Tupi Paulista;3555109;tupinense-paulista;ALEXANDRE TASSONI ANTONIO;244.77;15583;58.16;99.4;0.769;18.18;3.895.097.427;18416.62
Turiúba;3555208;turiubano;RUBENS FERNANDO DE SOUZA;153.235;2020;12.6;100;0.751;71.43;1.559.311.808;23335.27
Turmalina;3555307;turmalinense;ALEXANDRO RIBEIRO PEREIRA;147.797;1696;13.37;97.1;0.736;90.91;1.456.755.513;33610.78
Ubarana;3555356;ubaranense;JOAO COSTA MENDONCA;209.861;6400;25.23;99.7;0.7;10.87;2.417.093.582;57453.52
Ubatuba;3555406;ubatubano;DELCIO JOSÉ SATO;708.105;91824;108.87;97.7;0.751;14.15;29.815.669.047;22247.7
Ubirajara;3555505;ubirajarense;JOSE ALTAIR GONCALVES;282.179;4804;15.68;98.9;0.727;11.63;1.656.292.581;18842.14
Uchoa;3555604;uchoense;VALDEMIR ANTONIO PINHEIRO DE CARVALHO;252.434;10151;37.51;98.2;0.721;10.64;3.690.101.191;36812.45
União Paulista;3555703;união-paulistense;CLEUSA GUI MARTINS;79.056;1865;20.21;96.8;0.749;90.91;1.219.537.474;27391.37
Urânia;3555802;uraniense;MARCIO ARJOL DOMINGUES;209.262;9120;42.29;100;0.746;10.53;2.228.244.791;20886.66
Uru;3555901;uruense;BENEDITO JOSÉ RIBEIRO;146.901;1153;8.51;95.1;0.712;90.91;128.089.538;45209.33
Urupês;3556008;urupeense;ALCEMIR CÁSSIO GRÉGGIO;323.916;13888;39.27;99.1;0.745;6.9;3.802.705.381;28564.11
Valentim Gentil;3556107;valentim-gentilense;ADILSON JESUS PEREZ SEGURA;149.741;13532;73.72;98.8;0.735;10.93;3.359.752.379;25625.18
Valinhos;3556206;valinhense;ORESTES PREVITALE JUNIOR;148.538;131210;718.7;97.2;0.819;7.18;46.500.677.039;46237.02
Valparaíso;3556305;valparaisense;LUCIO SANTO DE LIMA;857.661;26822;26.33;98;0.725;15.53;7.631.353.161;38621.02
Vargem;3556354;vargense;SILAS MARQUES DA ROSA;142.595;10692;61.71;98.1;0.699;17.54;2.127.149.876;11121.64
Vargem Grande do Sul;3556404;vargem-grandense;AMARILDO DUZI MORAES;267.178;43110;146.94;98.8;0.737;10.79;9.927.163.142;22348.98
Vargem Grande Paulista;3556453;vargem-grandense;JOSUÉ SILVEIRA RAMOS;42.489;53468;1012.1;97.2;0.77;8.11;14.051.841.277;35857.88
Várzea Paulista;3556503;varzino;JUVENAL ROSSI;35.12;123071;3049.14;96.9;0.759;15.17;23.574.621.113;22356.93
Vera Cruz;3556602;vera-cruzense;RENATA ZOMPERO DIAS DEVITO;247.716;10823;43.41;99;0.754;9.01;2.598.575.064;12178.63
Vinhedo;3556701;vinhedense;JAIME CESAR DA CRUZ;81.604;80111;779.51;97.5;0.817;9.5;41.835.627.866;116199.28
Viradouro;3556800;viradourense;ANTONIO CARLOS RIBEIRO DE SOUZA;217.726;19017;79.44;98.4;0.739;8.97;5.160.634.254;19091.99
Vista Alegre do Alto;3556909;vista-alegrense;LUÍS ANTÔNIO FIORANI;95.429;8989;72.5;100;0.744;12.2;3.137.457.874;42434.86
Vitória Brasil;3556958;vitoriabrasiliense;ANA LUCIA OLHIER MODULO;49.832;1846;34.95;98.5;0.725;66.67;1.119.787.992;18432.83
Votorantim;3557006;votorantinense;FERNANDO DE OLIVEIRA SOUZA;183.517;123599;591.04;97.8;0.767;13.64;34.541.468.654;25036.13
Votuporanga;3557105;votuporanguense;JOÃO EDUARDO DADO LEITE DE CARVALHO;420.703;95338;201.15;98.8;0.79;8.61;27.205.423.556;30269.67
Zacarias;3557154;zacariense;LUCINÉIA ZACARIAS;319.056;2752;7.32;98.6;0.729;32.26;1.871.416.876;35478.15
Chavantes;3557204;chavantense;MARCIO DE JESUS DO REGO;188.727;12418;64.4;98.6;0.729;5.29;3.434.323.006;16939.8
Estiva Gerbi;3557303;estivense;CLAUDIA BOTELHO DE OLIVEIRA DIEGUES;74.144;11407;135.35;98.6;0.74;7.87;3.542.287.636;28302.88
